fatieshijian,id,title,zuihouhuifu,zuozhe
08-03,300719,光大证券--安达维尔首次覆盖报告:深耕航空产业链的民营配套商【公司研究】,08-03,阎魔小爱神
06-22,300719,中航证券--安达维尔:产品、技术、服务、业务全方位军民融合促商业模式升级【公司研究】,06-22,天酒而而是
10-20,300719,华鑫证券--安达维尔:新股询价报告【公司研究】,10-20,军校临时员
11-03,300696,"中信建投证券--爱乐达:军民航空部件稳定供货商,募投项目拓展业务覆盖【公司研究】",11-29,风吟絮落
08-16,002297,广发证券--博云新材:C919飞机机轮刹车系统独家供应商【公司研究】,08-21,堕天使怕谁
04-05,002297,"光大证券--博云新材:汽车制动发力,静待航空梦【公司研究】",08-21,英雄小白
12-23,002297,华泰联合证券--博云新材:迈向发展新阶段【公司研究】,03-26,俺们都是文明人
12-23,002297,财富证券--博云新材:高科技含量可期高收益【公司研究】,03-23,股吧我开的
12-23,002297,天相投资--博云新材:航空航天用新材料领域的领跑者【公司研究】,12-23,雨中相思客
12-23,002297,"华泰联合证券--博云新材2009年报点评:业绩略低预期,今年稳步增长【公司研究】",12-23,伊森艾格
12-23,002297,湘财证券--博云新材调研简报:技术引领未来【公司研究】,12-23,真真龙
12-23,002297,"湘财证券--博云新材:业绩略低预期,未来仍受益于航空发展和汽车消费增长【公司研究】",12-23,烟堙泪
12-23,002297,"天相投资--博云新材:规模扩张放缓,但盈利能力提高【公司研究】",12-23,魔力的小鸟
12-23,002297,华泰联合证券--博云新材:驶向发展的快车道【公司研究】,12-23,打倒别
12-23,002297,安信证券--博云新材：新股定位分析报告【公司研究】,12-23,花茉宁
12-23,002297,大通证券--博云新材：上市定价报告【公司研究】,12-23,洒洒啊是
12-23,002297,国信证券--博云新材：飞机刹车副领军企业【公司研究】,12-23,堕天使怕谁
12-23,002297,东北证券--博云新材：新股定价报告【公司研究】,12-23,王老基
12-23,002297,国联证券--博云新材新股报告：高性能粉末冶金复合材料制品龙头【公司研究】,12-23,去玩吧
12-23,002297,天相投资--博云新材：行业龙头，快速成长可期【公司研究】,12-23,忧郁太皇
12-23,002297,凯基证券--博云新材：国内领先的航空航天新材料生产商【公司研究】,12-23,琢月传说
12-23,002297,广发证券--博云新材：博观而约取，厚积而薄发【公司研究】,12-23,土豆肉丝
12-23,002297,上海证券--博云新材：飞机刹车副行业领先，未来将进入高速列车刹车产品生产【公司研究】,12-23,青菜1009
12-23,002297,"申万宏源--博云新材：依托高校、定位高端,成长潜力大,合理报价8.5-9.5元【公司研究】",12-23,五一生人
12-23,002297,华泰联合证券--博云新材：高性能粉末冶金制品的领军者【公司研究】,12-23,吉林敖东度
01-04,002297,国金证券--博云新材:粉末冶金新材料的领军企业【公司研究】,01-04,生生不息10
01-04,002297,"广发证券--博云新材:粉末冶金龙头,专注高端制造【公司研究】",01-04,熊猫女友
01-04,002297,"长城证券--博云新材:复合材料龙头,核心竞争优势突出【公司研究】",08-21,李铁龙
01-04,002297,"东莞证券--博云新材2014年三季报点评:刹车系统独家供应商,受益大飞机主题投资【公司研究】",08-21,紫色雨滴
12-27,002023,"中泰证券--海特高新:受益5G芯片主题投资,中国第一架B737-700飞机“客改货”改装完成【公司研究】",12-27,第一次看大海
08-29,002023,"中泰证券--海特高新:航空板块稳中有进,静待化合物半导体芯片量产【公司研究】",08-29,豆子好吃
07-23,002023,中泰证券--海特高新:海特集团亮相全球第二大航展;签约瑞士宜捷航空位【公司研究】,07-23,泡沫沉
06-26,002023,"中泰证券--海特高新:第二/三代半导体芯片生产线通过环评,静待量产【公司研究】",06-26,老桥混水
05-22,002023,"中泰证券--海特高新:高端芯片量产在即,受益自主可控、军民融合【公司研究】",05-22,淅沥绿竹
04-27,002023,中泰证券--海特高新:静待化合物半导体(砷化镓、氮化镓)芯片部分量产【公司研究】,05-07,倒流之城
03-28,002023,"中泰证券--海特高新:高端芯片2018年有望部分量产,业绩有望进入快车道【公司研究】",03-28,宁神小花
08-23,002023,"中泰证券--海特高新:“业绩底”显现,下半年有望重回正增长,受益军民融合、信息安全、通用航空【公司研究】",08-23,罗索斯看盘
06-22,002023,"中泰证券--海特高新:首台国产D级飞行模拟机通过民航局初始鉴定,未来受益军民融合、信息安全、通用航空【公司研究】",08-02,西魔客
06-07,002023,"联讯证券--海特高新:航空培训业务快速增长,微电子业务蓄势待发【公司研究】",08-02,依柳望云
05-02,002023,"中泰证券--海特高新:“航空+芯片”两大业务逐步走向收获期,受益军民融合、信息安全、通用航空【公司研究】",05-07,洋甘桔
04-20,002023,"太平洋--海特高新:夯实主业稳增长,多点布局潜力大【公司研究】",08-02,远古阁林
04-19,002023,"安信证券--海特高新:航空产业加速布局,业绩增长符合预期【公司研究】",08-02,猫小哥
12-23,002023,"银河证券--海特高新:航空装备研制进入批量化生产阶段,军品占比将进一步提升【公司研究】",12-23,拉风的维
12-23,002023,"万联证券--海特高新三季报点评:航空制造板块发力 ,延续高增长【公司研究】",12-23,一个人一片天
12-23,002023,天相投资--海特高新:业务结构调整进行中【公司研究】,08-02,牛肉馅包子
12-23,002023,"国信证券--海特高新:中报业绩低于预期,成长性仍值得期待【公司研究】",12-23,朝来风雨
12-23,002023,天相投资--海特高新:09年1-9月归属母公司净利同比增长41.2%【公司研究】,12-23,臭不臭呀
12-23,002023,国信证券--海特高新：开拓新型商业模式，同心多元处处开花【公司研究】,12-23,八神夜月
12-23,002023,国信证券--海特高新：业务结构性调整增大盈利空间【公司研究】,12-23,太尉去
12-23,002023,天相投资--海特高新：受地震和金融危机影响业绩未达预期【公司研究】,12-23,对角线老公
12-23,002023,凯基证券--海特高新：独具特色的航空维修企业【公司研究】,12-23,笑面猫
12-23,002023,金元证券--海特高新：把握行业高增长机遇是公司盈利激增的关键【公司研究】,12-23,泰兰德之痛
12-23,002023,平安证券--海特高新:增速低于预期布局着眼长远【公司研究】,12-23,真国皇
12-23,002023,华泰联合证券--海特高新：破晓时分 耐心等待日出的风景【公司研究】,12-23,朋友最重要
12-23,002023,金元证券--海特高新：介入民用航空发动机维修领域【公司研究】,12-23,开往巴黎的地铁
12-23,002023,金元证券--海特高新(002023)：2008年公司步入高增长期【公司研究】,12-23,绿周刊
10-29,002023,银河证券--海特高新:明后年业绩将高增长;军民融合、国防信息安全、通用航空战略配置标的【公司研究】,10-29,我是小番茄
10-24,002023,"华金证券--海特高新:定增助力成长,高端芯片业务打造双轮驱动【公司研究】",10-24,宋云止
10-21,002023,"银河证券--海特高新:股权转让完成,董事长成实际控制人;将加快航空产业链战略布局【公司研究】",10-21,围观烧饼
10-20,002023,"银河证券--海特高新:业绩符合预期,受益民参军和通用航空,将进一步完善业务布局【公司研究】",10-20,漂亮吗哦
10-14,002023,"银河证券--海特高新:某型发动机工程荣获“国防科学技术进步奖”一等奖,受益军民深度融合【公司研究】",10-14,套奴
10-12,002023,"银河证券--海特高新:与中航工业昌飞共参股大洋通用航空,探索通用航空领域混合所有制【公司研究】",01-31,蜜炼川贝枇杷膏
09-25,002023,"西南证券--海特高新:布局长远,开启未来成长之路【公司研究】",01-31,悠闲的女忍
08-31,002023,银河证券--海特高新:明后年业绩将快速增长;受益军民融合、国防信息安全、通用航空【公司研究】,08-31,还是茅台更
08-31,002023,"长城证券--海特高新公司中报点评:业绩不及预期,未来潜力较大【公司研究】",08-31,中国手球队
07-16,002023,银河证券--海特高新:进军飞机拆解、飞机后市场;受益军民融合、国防信息安全、通用航空【公司研究】,01-31,中国手球队
07-10,002023,银河证券--海特高新:董事长增持显信心;受益军民深度融合、国防信息安全、通用航空三驱动【公司研究】,07-10,梁若草
04-27,002023,银河证券--海特高新:受益军民深度融合、国防信息安全、通用航空三驱动;明年业绩高增长【公司研究】,04-27,赏金螃蟹
04-03,002023,"国元证券--海特高新:航空产业布局进入收获期,军工芯片带来新期待【公司研究】",05-27,蛮蛮疯
04-03,002023,"国元证券--海特高新:航空产业布局进入收获期,军工芯片带来新期待【公司研究】",04-03,回校随想
03-25,002023,"安信证券--海特高新:战略布局高端芯片,国家信息安全制高点【公司研究】",03-25,爱丽丝梦游仙境
03-25,002023,银河证券--海特高新:占国防信息安全高端芯片战略高地军民融合、混合所有制民企控股典范【公司研究】,03-15,王老基
03-24,002023,"安信证券--海特高新:民参军推动,信息安全下高端芯片空间大【公司研究】",03-24,窝窝奥特曼
03-24,002023,"安信证券--海特高新:民参军推动,信息安全下高端芯片空间大【公司研究】",03-24,烈马狂飙
03-03,002023,"安信证券--海特高新:业绩符合预期,高端芯片进口替代空间大【公司研究】",03-03,多情种
03-03,002023,"安信证券--海特高新:业绩符合预期,高端芯片进口替代空间大【公司研究】",03-03,文字动量
03-02,002023,中国银河--海特高新:业绩快速增长;与中电科29所战略合作将成混合所有制民企控股典范【公司研究】,03-02,漫游的香烟
03-02,002023,银河证券--海特高新:业绩快速增长;与中电科29所战略合作将成混合所有制民企控股典范【公司研究】,03-02,了然道长
01-22,002023,中银国际证券--海特高新:全力推进航空机载设备维修、航空新技术研发、培训等主业发展【公司研究】,01-22,五万不要
01-22,002023,中银国际证券--海特高新:全力推进航空机载设备维修、航空新技术研发、培训等主业发展【公司研究】,01-22,不明真相的忧伤
01-15,002023,"安信证券--海特高新:再融资夯实主业,战略合作提升核心技术【公司研究】",01-15,看了再看
01-15,002023,"安信证券--海特高新:再融资夯实主业,战略合作提升核心技术【公司研究】",01-15,万宝路烟燃
01-15,002023,中国银河--海特高新:与中电科29所战略合作、进军高端芯片领域;拟募资16.7亿发展主业【公司研究】,01-15,华佗哥
01-15,002023,银河证券--海特高新:与中电科29所战略合作、进军高端芯片领域;拟募资16.7亿发展主业【公司研究】,01-15,没完有了
01-04,002023,"天相投资--海特高新:建天津航空综合服务基地,华北地区再发力【公司研究】",01-04,致命毅击
01-04,002023,"广发证券--海特高新深度研究:成长路径清晰,业绩加速增长【公司研究】",01-04,月神归来啊
01-04,002023,"华金证券--海特高新:开拓进取,持续受益于中国航空工业成长【公司研究】",01-04,月下青灯
01-04,002023,"银河证券--海特高新:航空动力控制系统批量生产,直升机绞车获立项,军品占比将继续提升【公司研究】",01-04,伏羲铭德
01-04,002023,"华金证券--海特高新:巩固主业,不断提升竞争力【公司研究】",01-04,昙杉
01-04,002023,"西南证券--海特高新:航空装备研发制造表现突出,积极开拓海外航空培训市场【公司研究】",01-04,111夫人福
01-04,002023,"天相投资--海特高新:ECU量产,收入、利润大幅增长【公司研究】",01-04,蓝染清水爱
01-04,002023,"银河证券--海特高新:购直升机飞行模拟机强化培训业务,今明年业绩增长亮点仍看军品业务【公司研究】",01-04,白鹭洲呢
01-04,002023,银河证券--海特高新:航空培训与加拿大CAE 战略合作;军品占比提升;受益通用航空大发展【公司研究】,01-04,宝贝听相生
01-04,002023,"安信证券--海特高新:Q4净利润大幅增长,业绩略超预期【公司研究】",01-04,疯子满天飞
01-04,002023,银河证券--海特高新:业绩高增长;军品占比提升;未来受益通用航空大发展【公司研究】,01-04,暖12
01-04,002023,银河证券--海特高新:民营“综合航空技术服务提供商”;军品占比提升;未来受益通用航空【公司研究】,01-04,剑气逼人
01-04,002023,"广发证券--海特高新2013年报点评:略超预期,看好通航前景【公司研究】",01-04,上班这点事
01-04,002023,"西南证券--海特高新年报点评:阶段性完成战略布局,综合实力得以持续提升【公司研究】",01-04,星驰无涯
01-04,002023,"山西证券--海特高新:看好长期稳健发展,短期面临解禁压力【公司研究】",01-04,静静的军刀
01-04,002023,"中航证券--海特高新年报点评:受益民参军,通航布局静待收获期【公司研究】",01-04,孑然一时
01-04,002023,"银河证券--海特高新:业绩符合预期,快速增长具持续性;打造民营综合航空技术服务提供商【公司研究】",01-04,朝来风雨
01-04,002023,"银河证券--海特高新:民营国防军工、通用航空产业龙头,航空制造、维修、培训、租赁齐飞【公司研究】",01-04,念筱
01-04,002023,银河证券--海特高新:受益“民参军”和通用航空产业发展;业绩高增长可持续【公司研究】,01-04,蜜炼川贝枇杷膏
01-04,002023,"银河证券--海特高新:子公司获准开展融资租赁业务试点,航空研制、维修、培训、租赁齐飞【公司研究】",01-04,去看看了
01-04,002023,"银河证券--海特高新:中报业绩增长41%符合预期且可持续,受益“民参军”和通用航空产业发展【公司研究】",01-04,aqiu_2009
01-04,002023,"安信证券--海特高新:战略布局航空产业链,低空开放及军民融合双轮驱动【公司研究】",01-04,还是茅台更
01-04,002023,"广发证券--海特高新:中报业绩符合预期,公司预告1-9月业绩增30-50%【公司研究】",01-04,依柳望云
01-04,002023,"安信证券--海特高新:盈利持续上升,多业务加快布局【公司研究】",01-04,简约了了
01-04,002023,"银河证券--海特高新:获大飞机整机大修资质,航空研制、维修、培训、租赁四大业务齐飞【公司研究】",01-04,马甲就一形式
01-04,002023,"东兴证券--海特高新:受益航空装备市场快速发展,公司利润大幅增长【公司研究】",01-04,未画完的圈
01-04,002023,"安信证券--海特高新:Q3业绩快速增长,航空产业链更加完善【公司研究】",01-04,你看人品
01-04,002023,"中航证券--海特高新公司深度报告:维修稳居龙头,研发铸就壁垒,培训拓展产能【公司研究】",01-04,无泪小猪猪
01-04,002023,"中航证券--海特高新公司点评报告:业绩符合预期,多业务布局受益通航发展【公司研究】",01-04,比目了
10-23,002023,"中国银河--海特高新:航空装备研制进入批量化生产阶段,军品占比将进一步提升【公司研究】",02-22,芳心燕情
10-23,002023,"中国银河--海特高新:航空装备研制进入批量化生产阶段,军品占比将进一步提升【公司研究】",10-23,懒懒上网
10-23,002023,东方证券--海特高新三季报点评:业绩高增长趋势确立【公司研究】,01-28,蓝天蓝天1
10-23,002023,东方证券--海特高新三季报点评:业绩高增长趋势确立【公司研究】,10-23,拉风的维
08-25,300397,"长城证券--天和防务公司动态点评:军品订单逐步向好,公司迎来业绩拐点【公司研究】",08-25,被你毒到了
10-21,300397,"中信建投证券--天和防务:防空作战指挥系统专家,军民领域潜力巨大【公司研究】",08-24,咔咔梨
01-09,300397,东北证券--天和防务:领先的便携式防空导弹系统企业【公司研究】,08-24,李铁虎
01-09,300397,安信证券--天和防务:国内领先的便携式防空导弹指挥系统民营企业【公司研究】,01-09,为明天做准备
01-08,300397,"东兴证券--天和防务:军事信息化投资加大,防空指挥控制系统龙头前景光明【公司研究】",01-08,今天有点不爽
08-28,600862,"广发证券--中航高科:净利润增长,看好航空复合材料业务发展【公司研究】",08-28,萧涛樊儿
03-17,600862,"广发证券--中航高科:业绩有所下滑,航空复合材料成长空间大【公司研究】",03-20,心静闻天语
12-23,600862,"南京证券--南通科技:上半年符合预期,机床和地产支撑明后年业绩【公司研究】",12-23,十字架裸奔
12-23,600862,湘财证券--南通科技半年报点评【公司研究】,12-23,好烦呐
12-23,600862,国金证券--南通科技:定增获批 发展加速【公司研究】,12-23,青菜1009
12-23,600862,"天相投资--南通科技:业绩激增,房地产业务拉动明显【公司研究】",12-23,长度限制在母
12-23,600862,上海证券--南通科技:机床和房地产是2010年两大亮点【公司研究】,12-23,最后被诱空
12-23,600862,国金证券--南通科技:持续发展与锦上添花【公司研究】,12-23,就为寻找
12-23,600862,上海证券--南通科技:房地产和创投均进入收获期【公司研究】,12-23,我姓蔡
12-23,600862,天相投资--南通科技:土地收益将在四季度确认【公司研究】,12-23,大规模融资
12-23,600862,国金证券--南通科技:看好公司发展潜力【公司研究】,12-23,伊花飞雪
12-23,600862,国金证券--南通科技：经营步入正规，业绩爆发增长【公司研究】,12-23,耶路不撒冷
12-23,600862,国金证券--南通科技：经营拐点显现 潜在南通地王【公司研究】,12-23,堕天使怕谁
12-23,600862,天相投资--南通科技：业绩大幅跳水，前景堪忧【公司研究】,12-23,羽仙儿
07-25,600862,中信建投证券--南通科技:中期大比例送转【公司研究】,07-25,宴君
06-11,300581,国海证券--晨曦航空动态点评:航空惯导发展稳健、发动机电子成长可期【公司研究】,06-11,作死的羔羊
11-13,300581,"中信建投证券--晨曦航空:三季度业绩企稳,新兴业务有望造就新增长点【公司研究】",11-13,冬哥哥啊
11-07,300581,中航证券--晨曦航空:三季度业绩逐步企稳关注军品订单确认情况【公司研究】,11-07,丑女风范
10-30,300581,"国信证券--晨曦航空2017年3季度点评:业绩平稳增长,将受益于军用直升机加速列装【公司研究】",10-31,伊伊晴儿
04-28,300581,"东北证券--晨曦航空:激光惯导收入大幅提升,全年营收有望高增长【公司研究】",05-16,刘寒彻
04-28,300581,"广发证券--晨曦航空:业绩稳步提升,发动机电子系统前景广阔【公司研究】",05-15,摸了你一下
04-26,300581,东北证券--晨曦航空:军用航空惯导及发动机双主业迎来向上拐点【公司研究】,04-26,川贝枇杷膏
03-08,300581,"中信建投证券--晨曦航空:晨曦破晓,辉映航空【公司研究】",03-10,鸿蒙之圣
03-06,300581,华金证券--晨曦航空:航空发动机电子系统及无人机后起之秀【公司研究】,05-15,单纯又邪恶
01-16,300581,广发证券--晨曦航空:航空电子领域供应商【公司研究】,01-19,猫小哥
11-29,002413,"东北证券--雷科防务:积极布局军工信息化,高管增持彰显发展信心【公司研究】",11-29,观砚
11-02,002413,"申万宏源--雷科防务:公司三季度业绩表现符合预期,看好公司优势民参军稀缺价值【公司研究】",11-02,吕诚冉
08-24,002413,"申万宏源--雷科防务:子公司并表带来上半年业绩大幅提升,新一轮并购完成进一步凸显优势民参军企业标杆地位【公司研究】",08-24,匕禾夜
05-22,002413,"申万宏源--雷科防务:现金收购布局雷达产业链,优势民参军企业不断彰显【公司研究】",07-18,肉球儿
05-04,002413,"申万宏源--雷科防务:一季报业绩符合预期,坚定看好公司成为优势民参军企业标杆【公司研究】",05-04,毓婷
04-27,002413,"广发证券--雷科防务:业绩符合预期,看好军工业务成长性及外延发展【公司研究】",08-23,翘臀公子
04-26,002413,"申万宏源--雷科防务:转型第一年业绩符合预期,优势民参军企业正在崛起【公司研究】",04-26,寻找公车站帅哥
03-27,002413,"中国银河--雷科防务:员工激励方案发布,持续看好公司未来成长空间【公司研究】",08-23,爬上爬下00
12-23,002413,中投证券--常发股份:增长符合预期【公司研究】,12-23,惨月如钩
12-23,002413,"中投证券--常发股份:IPO强化竞争优势,增长空间巨大【公司研究】",12-23,冷酷冰川
12-23,002413,东吴证券--常发股份:国内空调冰箱两器行业的领跑者【公司研究】,12-23,枫叶独舞
12-23,002413,浙商证券--常发股份:冷凝器、蒸发器行业的领跑者【公司研究】,12-23,南山放牛郎
12-23,002413,湘财证券--常发股份:向上游延伸的两器龙头【公司研究】,12-23,内轮羽晓
12-23,002413,国都证券--常发股份:空调冰箱两器行业的龙头企业【公司研究】,12-23,神话呀
12-23,002413,光大证券--常发股份:试水两器产业链整合【公司研究】,12-23,落衫鸡唬人队
12-23,002413,财富证券--常发股份:国内蒸发器和冷凝器龙头【公司研究】,12-23,若是听风
12-22,002413,"申万宏源--雷科防务:深耕雷达产业链,树立优势民参军企业标杆【公司研究】",12-22,人生她如梦
11-25,002413,"安信证券--雷科防务:电子信息化再下一城,“三剑”合并深化产业布局【公司研究】",01-05,公孙颜雪
01-15,002413,"安信证券--常发股份:军民融合新贵,转型军工信息化蓝海【公司研究】",08-23,流氓女教主
01-15,002413,"安信证券--常发股份:军民融合新贵,转型军工信息化蓝海【公司研究】",01-15,包子靓
11-03,600391,"中信建投证券--航发科技:内贸需求增强转包规模扩大,公司未来业绩值得期待【公司研究】",11-03,黔东南国旅
11-02,600391,"太平洋--航发科技:聚焦主业谋转型,两机专项助成长【公司研究】",11-02,穿过心情
12-23,600391,"宏源证券--成发科技:拨云见日,定位或许再现曙光【公司研究】",02-20,大规模融资
12-23,600391,"天相投资--成发科技:外贸转包业务拖累业绩恢复,资产注入逐渐明朗【公司研究】",12-23,网站导航1
12-23,600391,"中投证券--成发科技:中期业绩下滑明显,内外贸航空产品毛利率下滑是主因【公司研究】",12-23,西原骆驼
12-23,600391,中投证券--成发科技:非公开发行价格和发行数量变化增发继续推进【公司研究】,12-23,空海心
12-23,600391,东海证券--成发科技:中航工业整合思考之【公司研究】,12-23,风铃紫兰
12-23,600391,中航证券--成发科技:航空发动机零部件与高端轴承两大业务比翼齐飞前景极其看好【公司研究】,12-23,西原骆驼
12-23,600391,"国金证券--成发科技:增发方案低于市场预期,但公司主业已触底【公司研究】",12-23,小新理论
12-23,600391,中投证券--成发科技:增发融资意在设立中航轴承、收购发动机资产【公司研究】,12-23,舟雪洒寒灯
12-23,600391,"西南证券--成发科技:有“航机”无“科能”,重组低于预期【公司研究】",12-23,无忌亦有忌
12-23,600391,国都证券--成发科技:房地产业务促进公司收入增长【公司研究】,12-23,龙小哥
12-23,600391,"中投证券--成发科技:收入增源于房地产,业绩减源于外贸【公司研究】",12-23,无泪小猪猪
12-23,600391,"天相投资--成发科技:外贸转包业务仍显低迷,资产重组预期强烈【公司研究】",12-23,偏偏遇上你
12-23,600391,"中投证券--成发科技:预计2010年业务稳定为主,业务高速增长点缺乏【公司研究】",12-23,也是落落
12-23,600391,"西南证券--成发科技:房地产业务支撑度难关,资产注入须等待【公司研究】",12-23,小熊娜娜
12-23,600391,天相投资--成发科技:航空发动机零部件转包业务尚无回暖迹象【公司研究】,12-23,去玩吧
12-23,600391,中投证券--成发科技:09年业绩增长估计还是要看房地产业务的贡献【公司研究】,12-23,神齐战车
12-23,600391,东北证券--成发科技调研报告：是谁捆住了注入的手脚？【公司研究】,12-23,离开之前想说
12-23,600391,西南证券--成发科技：“航机、科能”，非同小可；板块整合，更加宽广！【公司研究】,02-20,疯狂的电位
12-23,600391,"平安证券--成发科技：房地产贡献收入增长,资产注入值得期待【公司研究】",12-23,一个人一片天
12-23,600391,中投证券--成发科技：短期有房地产业务、长期有新内贸产品？【公司研究】,12-23,花不了了
12-23,600391,国金证券--成发科技09中报点评：寄希望于新产品开拓【公司研究】,12-23,落衫鸡唬人队
12-23,600391,申万宏源--成发科技09中报点评：中期业绩超出预期，估值便宜！看好业绩稳定增长和集团资产整合，买入评级！【公司研究】,12-23,邪恶的雅童
12-23,600391,国联证券--成发科技：受让法斯特股权点评【公司研究】,12-23,夏詩
12-23,600391,平安证券--成发科技：业绩下降源于毛利率下降、期间费用上升【公司研究】,12-23,燃灯道人
12-23,600391,国金证券--成发科技：对公司完成09年经营目标仍有信心【公司研究】,12-23,心游逝之
12-23,600391,中投证券--成发科技：内外贸的新产品成为公司发展的源泉【公司研究】,12-23,理财百宝箱
12-23,600391,国金证券--成发科技：09年业绩将呈现前低后高的走势【公司研究】,12-23,酒后炒股
12-23,600391,天相投资--成发科技：业绩稳定增长背后仍有隐忧【公司研究】,12-23,为明天做准备
12-23,600391,中投证券--成发科技：外贸转包增速有下滑风险【公司研究】,12-23,火柴小熊
12-23,600391,东海证券--成发科技：业绩稳定、主业凸显【公司研究】,12-23,小半贝贝菜
12-23,600391,申万宏源--成发科技：国际转包业务增长迅速，维持增持评级【公司研究】,12-23,发香像花香
12-23,600391,"国金证券--成发科技：不利影响逐渐消除,09 年期望更上层楼【公司研究】",12-23,智取其乳
12-23,600391,国金证券--成发科技：业绩超预期值得期待【公司研究】,12-23,敏敏凝香
12-23,600391,广发证券--成发科技：06上半年主营业务快速增长【公司研究】,12-23,万科必跌倒
12-23,600391,凯基证券--G成发：外贸业务具有强劲成长潜力【公司研究】,12-23,拟大规模融资
12-23,600391,广发证券--成发科技：调整业务结构与股改相结合提高盈利能力【公司研究】,12-23,狼的战场
12-23,600391,广发证券--成发科技：外贸航空产品发展较快【公司研究】,12-23,思月伊人
12-23,600391,天相投资--成发科技(600391)：转包业务将持续快速发展，外延式空间值得期待【公司研究】,12-23,粤色倾城
12-23,600391,中投证券--成发科技(600391)：08、09年产能释放+房地产项目锦上添花【公司研究】,12-23,青春不腐
12-23,600391,西南证券--成发科技年报点评：有望继续保持高增长 建议买入【公司研究】,12-23,东周斑马
12-23,600391,国金证券--成发科技：发动机零部件转包受益【公司研究】,12-23,湖里吃竹子
12-23,600391,中投证券--成发科技(600391)：燃气涡轮发动机高精尖制造技术体现公司价值【公司研究】,12-23,中国足球队
12-23,600391,中投证券--成发科技：外贸业务增速恐有下滑风险，汇兑损失似过最坏时候【公司研究】,12-23,加油明天
12-23,600391,申万宏源--成发科技：2008年三季报点评【公司研究】,12-23,还是茅台更
12-23,600391,国金证券--成发科技：转包业务仍将保持快速增长【公司研究】,12-23,李十三剑
12-23,600391,天相投资--成发科技(600391):业绩进入调整期【公司研究】,12-23,大狸子
12-23,600391,华泰联合证券--成发科技：毛利率触底回升曙光初现【公司研究】,12-23,果实猎人
12-23,600391,长江证券--成发科技（600391）：2007年年度报告点评【公司研究】,12-23,我们是90后
12-23,600391,西南证券--成发科技：外贸转包挑大梁【公司研究】,12-23,花不荣
12-23,600391,长城证券--成发科技(600391)中报点评：外贸转包撑起的天空【公司研究】,12-23,陆家依萍
12-23,600391,天相投资--成发科技（600391）：国际转包业务支撑业绩提升【公司研究】,12-23,哼你不要我
12-23,600391,中投证券--成发科技（600391）：高精尖加工技术奠定持续增长基础【公司研究】,12-23,花不成
12-23,600391,中航证券--成发科技：外贸航空产品增长超预期【公司研究】,12-23,你又来了
12-23,600391,国金证券--成发科技：值得长期持有的快速成长性公司【公司研究】,12-23,便秘小叮当
12-04,600391,"中泰证券--成发科技:受益于发动机业务整合和重大专项投入,公司未来发展值得期待【公司研究】",09-27,不再做预言帝
10-23,600391,"中信建投证券--成发科技:政策+业绩预期差赋予高弹性,发动机板块最被低估标的【公司研究】",10-24,呆疯痴
10-14,600391,"中泰证券--成发科技:发动机公司成立箭在弦上,重大专项有望近期公布【公司研究】",10-16,华丽优雅
10-08,600391,"中泰证券--成发科技:发动机资产整合加速,重大专项呼之欲出【公司研究】",10-16,免费西瓜
08-24,600391,"中泰证券--成发科技:内外贸业务发展均衡,子公司半年业绩亮眼【公司研究】",08-24,智取其乳
08-24,600391,"东北证券--成发科技:内贸业务符合预期,外贸业务持续增长【公司研究】",08-24,十哥哥
07-15,600391,中泰证券--成发科技:不应忽视的航空发动机制造者【公司研究】,10-16,大爱有边
05-13,600391,"东北证券--成发科技:业务成长空间巨大,看好公司未来发展【公司研究】",05-13,阿而塞丝
01-04,600391,"山西证券--成发科技:业绩平稳增长,关注哈轴和资产注入【公司研究】",01-04,编号172
03-22,600391,"招商证券--成发科技:业务结构调整,期待新品突破【公司研究】",10-20,奔跑明天
09-06,300424,"东北证券--航新科技:ATE和HUMS进入批量交付阶段,业绩高增长可期【公司研究】",09-06,致命毅击
08-30,300424,"光大证券--航新科技2018年中报点评:业绩重新提速,ATE放量在即【公司研究】",08-30,红猫猫
08-27,300424,"中信建投证券--航新科技:航空维修业务高速增长,ATE新产品批量交付在即【公司研究】",08-27,扬我国威
07-12,300424,"中信建投证券--航新科技:航空维修龙头军民并进,中报业绩预计大幅提升【公司研究】",07-12,醉红枫叶
07-12,300424,"国海证券--航新科技深度报告:民航维修+军机设备双轮驱动,公司发展步入机遇期【公司研究】",07-12,男子居家
04-10,300424,"中信建投证券--航新科技:实战化训练+国产替代双重受益标的,关注ate、phm进展【公司研究】",04-10,血浪鬼泣
03-28,300424,"国海证券--航新科技动态点评:优质民参军,ATE有望放量【公司研究】",03-28,八月的天使
03-28,300424,"中信建投证券--航新科技:航空维修核心标的,ATE、PHM腾飞在即【公司研究】",03-28,马甲偷偷来
12-29,300424,"东北证券--航新科技:内生和外延并举,将迎来业绩拐点【公司研究】",12-29,点开这样的
11-03,300424,"中信建投证券--航新科技:三季报业绩稳步增长,关注ATE列装节奏【公司研究】",11-03,梁若草
11-02,300424,"广发证券--航新科技:业绩小幅上升,看好ATE需求放量【公司研究】",11-02,妖若祭
09-22,300424,光大证券--航新科技:深耕航空维修和机载的军民融合典范【公司研究】,09-25,烁婷结合
09-06,300424,"中信建投证券--航新科技:维修设备双主业齐头并进,重点关注ATE未来发展【公司研究】",09-06,篙篙在上
08-28,300424,"国信证券--航新科技:业绩稳步增长,机载设备与检测设备业务有望提升【公司研究】",08-28,海蓝蓝10
07-12,300424,"广发证券--航新科技:净利润小幅上升,看好ATE引领成长【公司研究】",07-13,芝华士牛奶
06-05,300424,"中信建投证券--航新科技:股权激励理顺利益格局,ATE是未来最大亮点【公司研究】",06-09,娱乐八卦一下
05-19,300424,"广发证券--航新科技:盈利能力有所下滑,看好ATE引领成长【公司研究】",06-09,又赚五毛
05-10,300424,"中信建投证券--航新科技:航空检测维修稀缺标的,民参军业绩成长可期【公司研究】",05-11,漂亮吗哦
05-02,300424,"国海证券--航新科技事件点评:盈利能力有所下滑,民参军业绩增长可期【公司研究】",05-02,单纯等于愚蠢
04-21,300424,"太平洋--航新科技:机载设备综合保障龙头,募投项目前景广阔【公司研究】",04-22,超级懒猫
04-23,300424,东北证券--航新科技:受益于下游行业增长和专业化分工【公司研究】,07-05,邪恶的雅童
04-23,300424,东北证券--航新科技:受益于下游行业增长和专业化分工【公司研究】,01-31,乙贫黄
04-20,300424,"申万宏源--航新科技:国内领先机载设备综合运营保障服务商,合理价格28-31.5元【公司研究】",04-20,十字架裸奔
04-17,300424,财富证券--航新科技:国内领先的机载设备综合运营保障服务商【公司研究】,04-17,柯斯特纳
04-17,300424,财富证券--航新科技:国内领先的机载设备综合运营保障服务商【公司研究】,04-17,魔力的小鸟
04-15,300424,恒泰证券--航新科技:预计公司上市初期股价压力位为35元-42元【公司研究】,04-15,宴君
04-15,300424,恒投證券--航新科技:预计公司上市初期股价压力位为35元-42元【公司研究】,01-31,风风笑
04-07,300424,"广发证券--航新科技:军民融合发展,打造机载设备综合运营保障服务商【公司研究】",07-05,抄底两类股
04-07,300424,"广发证券--航新科技:军民融合发展,打造机载设备综合运营保障服务商【公司研究】",04-07,鹰县绝杀
04-09,000768,"申万宏源--中航飞机:业绩稳健增长符合预期,关注精益管理推动公司经营质量改善【公司研究】",04-09,中国的微笑
03-26,000768,"长江证券--中航飞机:行稳致远,提质增效【公司研究】",03-26,月风撩娆
03-21,000768,"广发证券--中航飞机:超额完成营收任务,看好公司长期发展【公司研究】",03-21,燃灯道人
03-21,000768,"东北证券--中航飞机:归母净利润大幅增加,军民航空产品空间广阔【公司研究】",03-21,今日最热股吧
03-21,000768,"国海证券--中航飞机事件点评:业绩快速增长,成长空间广阔【公司研究】",03-21,老桥混水
03-19,000768,"开源证券--中航飞机2018年报业绩点评:国产大飞机唯一上市企业,急迫需求驱动成长【公司研究】",03-19,倒流之城
02-18,000768,"国海证券--中航飞机动态点评:军民市场前景广阔,公司长期价值凸显【公司研究】",02-18,东篱酒友
02-01,000768,"长江证券--中航飞机:短期持仓量下滑,仍然看好公司中长期基本面【公司研究】",02-01,来川栖
11-19,000768,"国海证券--中航飞机事件点评:共同增资西飞民机,加速民机产业发展【公司研究】",11-19,灰羽茶马
11-05,000768,"中信建投证券--中航飞机:归母净利大幅提升,全年稳增高度可期【公司研究】",11-05,我真的是神仙
10-31,000768,"国海证券--中航飞机事件点评:业绩增势良好,运营管理强化【公司研究】",10-31,蒙面力鲨
10-31,000768,"开源证券--中航飞机2018年三季报业绩点评:航空产品交付量提升,业绩保持高速增长【公司研究】",10-31,偶不会取名
09-14,000768,"国海证券--中航飞机动态点评:战略产品支撑发展前景,定价改革有望提升盈利【公司研究】",09-14,分配工具
09-05,000768,"太平洋--中航飞机:上半年业绩表现亮眼,航空产品交付旺盛驱动长期发展【公司研究】",09-05,该何时入手
09-04,000768,"申万宏源--中航飞机:中报业绩符合预期,看好均衡交付牵引下H2业绩提升【公司研究】",09-04,微澜晴雨
09-03,000768,"开源证券--中航飞机2018年半年报业绩点评:航空产品放量交付,全年业绩值得期待【公司研究】",09-03,分配工具
08-30,000768,"中信建投证券--中航飞机:运轰双机齐增长,军机龙头拟腾飞【公司研究】",08-30,人间正道1
08-29,000768,"信达证券--中航飞机:收入利润高增长,大中型军用飞机龙头业绩持续向好【公司研究】",08-29,波波头泡泡衫
07-26,000768,"信达证券--中航飞机首次覆盖报告:我国唯一大中型军机平台,龙头地位具备长期投资价值【公司研究】",07-26,乙贫黄
07-17,000768,"申万宏源--中航飞机:中报业绩凸显增速提升,均衡交付牵引业绩释放【公司研究】",07-17,忧郁的深蓝
07-17,000768,"太平洋--中航飞机:航空产品交付持续向好,公司业绩步入上升通道【公司研究】",07-17,正心兔
07-17,000768,"光大证券--中航飞机2018H1业绩预告点评:均衡生产提升中期业绩,大飞机旗舰仍低估【公司研究】",07-17,喜欢友善的生活
07-16,000768,"联讯证券--中航飞机:2018年中报持续靓丽,航空产品交付加速【公司研究】",07-16,达拉斯
07-16,000768,"国海证券--中航飞机事件点评:交付促进业绩增长,战略地位支撑发展前景【公司研究】",07-16,咸鱼不翻身
07-03,000768,"东北证券--中航飞机:军民两端需求广阔,盈利能力有望持续改善【公司研究】",07-03,苦苦地那边
05-14,000768,"长江证券--中航飞机:铸就战略空军新时代,推动民用航空新征程【公司研究】",05-16,沐余
05-10,000768,"申万宏源--中航飞机:一季度业绩略超预期,重申成长确定及定价改革下的投资机会【公司研究】",05-10,武兔兔
05-04,000768,"光大证券--中航飞机首次覆盖报告:大飞机旗舰,价值显著低估【公司研究】",05-04,电脑之王
05-04,000768,"安信证券--中航飞机:一季报归母净同比增长130.76%,高存货为新机型量产做准备【公司研究】",05-04,青色妖姬
05-04,000768,"安信证券--中航飞机:一季报归母净同比增长130.76%,高存货为新机型量产做准备【公司研究】",05-04,琢月传说
05-03,000768,"国海证券--中航飞机事件点评:精益管理保交付,需求释放促增长【公司研究】",05-03,飞龙在天01
04-23,000768,"国海证券--中航飞机深度报告:大国崛起,鲲鹏展翅【公司研究】",04-24,湖里吃竹子
04-17,000768,"申万宏源--中航飞机:一季报业绩扭亏,坚定看好公司未来增长前景【公司研究】",04-17,薏湄草
04-16,000768,中信建投证券--中航飞机:上市公司简评【公司研究】,04-16,枇杷膏
04-08,000768,"申万宏源--中航飞机:军品绩效新趋势,大飞机冲上云霄【公司研究】",04-08,荷花心
04-04,000768,"国海证券--中航飞机事件点评:压制因素解除,战略价值凸显【公司研究】",04-04,一羽凰笛
03-27,000768,"中信建投证券--中航飞机:军民大飞机蓄势待发,业绩增长值得期待【公司研究】",03-27,月神归来啊
03-21,000768,"联讯证券--中航飞机:2017年业绩符合预期,新一代战机逐渐发力【公司研究】",03-21,悬崖上的默默
03-14,000768,"广发证券--中航飞机:17年归母净利润增长14%,业绩有望持续增长【公司研究】",03-14,小橘子真甜
03-14,000768,"国海证券--中航飞机事件点评:军民双轮驱动,期待破茧成蝶【公司研究】",03-14,左旋飘零
11-15,000768,"华金证券--中航飞机:前三季度增长稳健,持续受益空军建设提速【公司研究】",11-15,马大哥哥
11-01,000768,"中国银河证券--中航飞机:营收实现较快增长,发展趋势向好【公司研究】",11-01,灯烬人去
08-23,000768,"国信证券--中航飞机:业绩增长符合预期,军机民机旺盛需求助力后续业绩增长【公司研究】",09-09,诺斯的叹息
08-23,000768,"开源证券--中航飞机2017年中报业绩点评:航空产品持续增长,民机放量助力成长【公司研究】",08-24,淘气天尊1
08-23,000768,"开源证券--中航飞机2017年中报业绩点评:航空产品持续增长,民机放量助力成长【公司研究】",08-23,肉肉肉1
03-22,000768,"中信建投证券--中航飞机:营收净利稳步增长,关注新型大飞机量节奏【公司研究】",03-22,行走的铲子
03-17,000768,"国信证券--中航飞机2016年年报点评:业绩保持稳定增长,相关需求不断提升【公司研究】",03-20,了然和尚
03-17,000768,"广发证券--中航飞机:军民航空业务稳步推进,公司业绩持续增长【公司研究】",03-20,罗大炮
03-16,000768,"长城证券--中航飞机公司动态点评:大运量产,飞机旗舰【公司研究】",03-16,果实猎人
03-16,000768,"太平洋--中航飞机:运-20正式列装服役,业绩拐点渐行渐近【公司研究】",03-16,为明天做准备
03-15,000768,"开源证券--中航飞机2016年报业绩点评:航空产品稳步增长,新机型批产值得期待【公司研究】",03-15,英子天天
12-23,000768,"华泰联合证券--西飞国际:军品快增长,民品犹可期【公司研究】",12-23,蔚蓝王国
12-23,000768,"天相投资--西飞国际:业绩扭亏,未来向好【公司研究】",12-23,三木三火
12-23,000768,中投证券--西飞国际业绩大增的三个原因:上年计提坏帐准备、毛利率提升、飞机交付较多【公司研究】,12-23,我要加薪
12-23,000768,华泰联合证券--西飞国际:看好支线航空发展【公司研究】,12-23,桃桃熟了
12-23,000768,"中投证券--西飞国际:业绩符合预期,预计2010年军民飞机业务增长【公司研究】",12-23,我的用户名气温
12-23,000768,天相投资--西飞国际:新签合同订单确保未来业绩稳定增长【公司研究】,12-23,拳西山摇
12-23,000768,"安信证券--西飞国际:业绩小幅下滑,今年复苏明确【公司研究】",12-23,啃白菜
12-23,000768,"华泰联合证券--西飞国际:定向增发,尘埃落定【公司研究】",12-23,生活客串
12-23,000768,湘财证券--西飞国际:与波音签署大额转包合同点评【公司研究】,12-23,夏天的凉糕
12-23,000768,"中投证券--西飞国际:重组预案出炉,意义重大但预计短期内业绩增厚有限【公司研究】",12-23,酒乡梦海
12-23,000768,大同证券--西飞国际:重大资产重组预案点评【公司研究】,12-23,我不是很失败
12-23,000768,"天相投资--西飞国际:业绩回暖初显,年内有望扭【公司研究】",12-23,胡三刀10
12-23,000768,"中投证券--西飞国际:3季报符合预期,第3季难扳回前两季业绩影响【公司研究】",12-23,智取其乳
12-23,000768,"华泰联合证券--西飞国际:扭亏为盈,继续向好【公司研究】",12-23,喜欢友善的生活
12-23,000768,华泰联合证券--西飞国际：支线航空提升盈利空间【公司研究】,12-23,这里有母熊
12-23,000768,湘财证券--西飞国际未来业绩有保证：幸福航空首航点评【公司研究】,12-23,猫的甜心屋
12-23,000768,爱建证券--西飞国际2009年中报点评：远期无虞，近期有犹【公司研究】,12-23,郭嘉队
12-23,000768,湘财证券--西飞国际:半年报点评【公司研究】,12-23,令狐小妖
12-23,000768,中信建投证券--西飞国际09年中报点评：上半年飞机交付锐减【公司研究】,12-23,绿洲遗老
12-23,000768,天相投资--西飞国际：内忧外患交加，2009年中期业绩大幅跳水【公司研究】,12-23,荻野千寻
12-23,000768,申万宏源--西飞国际：民机交付低于预期，下调评级至中性！【公司研究】,12-23,天际扁舟
12-23,000768,中投证券--西飞国际：2个业绩下降的主要因素，1个民机业务的增长点【公司研究】,12-23,忆雪思绪
12-23,000768,国信证券--西飞国际：军需民品皆延迟，业绩体现需待下半年【公司研究】,12-23,星海洋
12-23,000768,国金证券--西飞国际公司点评：经营符合预期，但估值已高【公司研究】,12-23,残骸的风
12-23,000768,东北证券--西飞国际：民机决定今年成败，军机架起未来蓝天【公司研究】,12-23,石化领导那
12-23,000768,东海证券--西飞国际：暂时处于低谷，业绩恢复可期【公司研究】,12-23,心飞走了
12-23,000768,中投证券--西飞国际：短期业绩增长有忧，整合尚无时间表【公司研究】,12-23,三国和尚
12-23,000768,广发证券--西飞国际：沉沙洗甲，韬光养晦【公司研究】,12-23,你快走
12-23,000768,长城证券--西飞国际08年报点评：外延扩张铸数字膨胀_军工头领显增长隐忧【公司研究】,12-23,半完美路线
12-23,000768,中信建投证券--西飞国际：军机交付稳定，业绩符合预期【公司研究】,12-23,热门主题吧
12-23,000768,天相投资--西飞国际：业绩大幅增长背后有隐忧【公司研究】,12-23,月满路易十三
12-23,000768,申万宏源--西飞国际：关注外延式扩张可能【公司研究】,12-23,偏执狂3
12-23,000768,东海证券--西飞国际：业绩大幅增长_史上最高转增【公司研究】,12-23,呼之欲出
12-23,000768,渤海证券--西飞国际调研报告：飞机制造业旗舰，运输机资产整合平台【公司研究】,12-23,意象的永恒
12-23,000768,中信建投证券--西飞国际：中航飞机公司成立【公司研究】,12-23,肉球儿
12-23,000768,财富证券--西飞国际：ARJ飞机成为公司新的利润增长点【公司研究】,12-23,左旋飘零
12-23,000768,中投证券--西飞国际：预料之中的ARJ_机体制造协议【公司研究】,12-23,刘寒彻
12-23,000768,国金证券--西飞国际：ARJ21订单已在预期之内【公司研究】,12-23,云南红药
12-23,000768,中投证券--西飞国际：A320机翼总装框架协议又将是一个股价催化剂【公司研究】,12-23,玻璃胶
12-23,000768,西南证券--西飞国际年报点评：业绩略高于预期 更具长期投资价值【公司研究】,12-23,水壶鱼
12-23,000768,天相投资--西飞国际（000768）：3 月20 日临时股东会取消，但增发获批通过仍可期待【公司研究】,12-23,杀戮娇媚
12-23,000768,华泰联合证券--西飞国际：定向增发 破晓时分更值得期待【公司研究】,12-23,在阳光下畅快笑
12-23,000768,西南证券--西飞国际一季报点评：业绩体现在年底【公司研究】,12-23,水月秋喃
12-23,000768,长江证券--西飞国际：中国战略空军下一个突破的关键节点【公司研究】,12-23,致命毅击
12-23,000768,金元证券--西飞国际：有望跻身世界级飞机制造商【公司研究】,12-23,若泽的守望者
12-23,000768,华泰联合证券--西飞国际：增发成正果 整装向未来【公司研究】,12-23,幻特西
12-23,000768,华泰联合证券--西飞国际：资产整合大幕开启 起飞在即【公司研究】,12-23,巴洛克时代
12-23,000768,华泰联合证券--西飞国际：股价已缺乏06年业绩的有效支撑【公司研究】,12-23,天又亮了
05-28,300159,"东北证券--新研股份:军工业务稳步增长,打造民航盈利增长点【公司研究】",05-28,怡和520
05-04,300159,"中航证券--新研股份2017年报点评:军工业务大幅增长,民机业务提供新增长点【公司研究】",05-04,两大动力源
04-25,300159,"东北证券--新研股份:军品业务稳步增长,民航国际转包业务蓄势待发【公司研究】",04-25,呼之欲出
03-29,300159,"安信证券--新研股份:民参军高端制造,军转民航空转包【公司研究】",03-29,厄地马拉
11-06,300159,"中航证券--新研股份公司2017年三季报点评:军工业务快速发展,军民融合不断深入【公司研究】",11-06,丽华渔家
10-30,300159,"太平洋--新研股份:明日宇航持续向好,军民融合前景广阔【公司研究】",10-30,衰衰一族
09-04,300159,光大证券--新研股份:向民营军工综合体再出发【公司研究】,09-14,再次输入1
08-14,300159,"长城证券--新研股份公司动态点评:航空航天向好农机下滑,三季度军品放量可期【公司研究】",08-14,每当伤心过一秒
03-30,300159,"太平洋--新研股份:明日宇航布局未来,看好卫星业务发展【公司研究】",03-30,独特人生之堕落
03-29,300159,"长城证券--新研股份公司年报点评:农机业务低迷,明日宇航稳中有升【公司研究】",03-29,秋雨微澜
03-17,300159,"国海证券--新研股份动态点评:军民融合不断深入,明日之“星”即将起航【公司研究】",03-20,奔跑明天
03-08,300159,"东北证券--新研股份:卫星业务稳步推进,产业布局日趋完善【公司研究】",03-08,土豆肉丝
12-23,300159,"西南证券--新研股份:大逻辑不变,稀缺标的理应关注【公司研究】",12-23,耶路不撒冷
12-23,300159,"广证恒生咨询--新研股份:拐点即现,旧貌换新颜【公司研究】",12-23,狐堰再临
01-07,300159,东兴证券--新研股份调研快报:承载了资本市场对农业集约化的期望【公司研究】,01-09,我乐了吗
12-24,300159,"国信证券--新研股份重大事件快评:收购明宇完成,军工帝国起航【公司研究】",12-24,高澳澳
11-16,300159,"华金证券--新研股份:收购明日宇航获批,军工业务将成新主业【公司研究】",11-16,向芷葵
10-28,300159,"西南证券--新研股份:收购明日宇航获批文,跨入高速发展新时期【公司研究】",10-28,逆光的底版
10-27,300159,"长江证券--新研股份三季报点评:明日宇航收购终获批,农机毛利率下降盈利微增【公司研究】",10-28,水天涯
10-22,300159,"申万宏源--新研股份:收购明日宇航,实现产业升级大发展,维持”买入“评级!【公司研究】",10-22,向组织报道
10-22,300159,国元证券--新研股份:“农机+军工”军民融合协同发展【公司研究】,10-22,思月伊人
10-18,300159,"世纪证券--新研股份2013年中报点评:经营稳健,下半年业绩将增长【公司研究】",10-18,陈到字叔至
10-18,300159,"光大证券--新研股份:基本面反转在即,转型中的综合型农机巨头【公司研究】",10-18,鲸鱼好吃
08-21,300159,"长江证券--新研股份公告点评:收购明日宇航审批通过,军民融合新贵即日启航【公司研究】",10-24,大盘展望
08-20,300159,"国信证券--新研股份:收购明宇通过重组委审查,打造军工帝国再进一步【公司研究】",08-20,小南找小北
08-20,300159,"西南证券--新研股份:重组进展顺利,看好业绩爆发【公司研究】",08-20,风风笑
07-22,300159,"西南证券--新研股份:收到证监会一次反馈,重大事项进展快速且顺利【公司研究】",10-24,小肥鱼儿
06-08,300159,"西南证券--新研股份:航空航天空间大,快速发展正当时【公司研究】",10-24,三十以后老了
05-28,300159,"西南证券--新研股份:“陆”上基础夯实,“空”中期待开花【公司研究】",10-24,英子天天
05-22,300159,"长江证券--新研股份:业绩双轮驱动高增长,高端转型打开战略空间【公司研究】",05-22,薏湄草
05-07,300159,"长江证券--新研股份点评报告:获国防科工局批复,明日宇航重组通过第一关【公司研究】",05-07,我代表肥
05-07,300159,"长江证券--新研股份点评报告:获国防科工局批复,明日宇航重组通过第一关【公司研究】",05-07,徘徊澡堂边
04-27,300159,"长江证券--新研股份一季报点评:业绩平稳增长,军工资产及后续并购承载新希望【公司研究】",04-27,雪铁之龙
04-27,300159,"长江证券--新研股份一季报点评:业绩平稳增长,军工资产及后续并购承载新希望【公司研究】",04-27,道者不完白
04-03,300159,"申万宏源--新研股份:农机业务稳定增长,军工业务亮点颇多,目标价60元【公司研究】",04-03,我们是90后
04-03,300159,"申万宏源--新研股份:农机业务稳定增长,军工业务亮点颇多,目标价60元【公司研究】",04-03,心游逝之
04-03,300159,"长江证券--新研股份:产品结构优化业绩上扬,战略并购布局高端产业【公司研究】",04-03,亚乐囡囡
04-03,300159,"长江证券--新研股份:产品结构优化业绩上扬,战略并购布局高端产业【公司研究】",04-03,个子高好
04-03,300159,"国信证券--新研股份:一带一路带动农机发展,收购明日宇航打造军工帝国【公司研究】",04-03,洋甘桔
04-03,300159,"国信证券--新研股份:一带一路带动农机发展,收购明日宇航打造军工帝国【公司研究】",04-03,飞龙在天01
03-23,300159,"申万宏源--新研股份:收购明日宇航,实现产业升级大发展,维持”买入“评级!【公司研究】",03-25,耶路不撒冷
03-20,300159,"中国银河--新研股份:36亿收购明日宇航,农机军工双驱动【公司研究】",03-20,惨月如钩
03-20,300159,"银河证券--新研股份:36亿收购明日宇航,农机军工双驱动【公司研究】",03-20,特务小白
03-19,300159,"长江证券--新研股份:收购优质军工资产,产业扩张双轮驱动【公司研究】",03-19,将要走下
03-19,300159,国元证券--新研股份:“农机+军工”军民融合协同发展【公司研究】,03-19,没事找我包子
03-19,300159,"长江证券--新研股份:收购优质军工资产,产业扩张双轮驱动【公司研究】",03-19,武当特派员
01-04,300159,世纪证券--新研股份2013年三季报点评:短期因素致使业绩低于预期【公司研究】,01-04,青春不腐
01-04,300159,西南证券--新研股份:玉米收行业和公司销售情况不错【公司研究】,01-04,妙丽格兰杰
01-04,300159,"西南证券--新研股份2013年半年报简评:借力行业东风,高增长确实【公司研究】",01-04,由逨游去
01-04,300159,"银河证券--新研股份:玉米机销售形势乐观,全年业绩将实现高增长【公司研究】",01-04,夜宿草原
01-04,300159,"东兴证券--新研股份2013年中报点评:业绩符合预期,下半年增速将加快【公司研究】",01-04,当他不爱你的时候
01-04,300159,安信证券--新研股份:中期业绩符合预期【公司研究】,01-04,可米依稀
01-04,300159,"上海证券--新研股份:主营业务市场空间大,产销有望提速【公司研究】",01-04,卖豆浆
01-04,300159,"光大证券--新研股份:玉米机再火三年,旧貌换新颜【公司研究】",01-04,潇轩子
01-04,300159,"银河证券--新研股份:中报业绩略低于预期,维持全年盈利预测不变【公司研究】",01-04,多情种
01-04,300159,安信证券--新研股份:新气象带来新发展【公司研究】,01-04,喜欢友善的生活
01-04,300159,"上海证券--新研股份:受益农业现代化改革,产品升级趋势明显【公司研究】",01-04,忧郁太皇
01-04,300159,"银河证券--新研股份:拟4亿建农机基地和东北仓储中心,未来将成国内最大高端玉米机企业【公司研究】",01-04,芬芳旅途
01-04,300159,"西南证券--新研股份调研报告:疆外设厂终于落地,静待业绩放量【公司研究】",01-04,云南红药
01-04,300159,"安信证券--新研股份:就近产销,抓住市场发展机遇【公司研究】",01-04,灵殇小凤
01-04,300159,"广证恒生咨询--新研股份:业绩快速增长,期待外延扩张获突破【公司研究】",01-04,留学专家
01-04,300159,"银河证券--新研股份:东北基地今年将开始投入运营,公司未来不排除实施产业并购【公司研究】",01-04,土豆肉丝
01-04,300159,"世纪证券--新研股份:疆外基地开建,持续增长可期【公司研究】",01-04,桥东南
01-04,300159,"湘财证券--新研股份:公司2013年销售渠道拓宽,推动业绩稳定增长【公司研究】",01-04,深圳映象
01-04,300159,广证恒生咨询--新研股份:生产淡季业绩保持稳健增长【公司研究】,01-04,杯具了吧
01-04,300159,山西证券--新研股份:产能释放推升盈利预期【公司研究】,01-04,一元才有价
01-04,300159,"西南证券--新研股份:靠收购继续东进,开启做大做强新征途【公司研究】",01-04,飞天女
01-04,300159,"世纪证券--新研股份14年三季报点评:玉米收获机销量放缓,业绩低于预期【公司研究】",01-04,换张图片
01-04,300159,"东兴证券--新研股份:三季度业绩增长平稳,未来有望受益土地流转【公司研究】",01-04,我的用户名气温
01-04,300159,"申万宏源--新研股份:从大型玉米收割机“强者”走向中国农机产业“王者”,首次覆盖给予“买入”评级【公司研究】",01-04,半完美路线
01-04,300159,"申万宏源--新研股份:异地扩张辐射东北,低成本再塑一个新“新研”,维持买入评级【公司研究】",01-04,寻找心中的阳光
01-04,300159,"申万宏源--新研股份:利用合资子公司平台再度跨区域产业布局,维持买入评级【公司研究】",01-04,见过大爷没
01-04,300159,"申万宏源--新研股份:拟筹划与明日宇航公司重组事项,发展农机同时涉足军工产业【公司研究】",01-04,花门老九
10-28,300159,"中金公司--新研股份:收入符合预期,利润低于预期【公司研究】",10-28,芙蕖映水中
08-02,300159,西南证券--新研股份:玉米收行业和公司销售情况不错【公司研究】,08-02,张君寶
07-15,300159,"上海证券--新研股份:主营业务市场空间大,产销有望提速【公司研究】",07-15,鼬家的
04-24,300159,中金公司--新研股份一季度业绩点评:一季度业绩符合预期【公司研究】,04-24,九弟弟
04-24,300159,"宏源证券--新研股份:翻开13年新篇章,期待惊喜【公司研究】",05-10,桔梗的身份证
08-10,300159,安信证券--新研股份2012年中报点评:三季度销量将再担全年重任【公司研究】,08-10,简约了了
08-10,300159,华泰证券--新研股份中报点评:期待调整后的前行【公司研究】,05-10,冷酷冰川
04-01,000738,"国海证券--航发控制:收入增长成本管控,业绩实现快速增长【公司研究】",04-01,夕水怜月
04-01,000738,"中航证券--航发控制:聚焦动力控制主业,提升经营管理效益【公司研究】",04-01,暮寻蓝水滨
08-24,000738,"国海证券--航发控制:生产效率提升,发展前景向好【公司研究】",08-24,火鸡烧到毛
06-27,000738,"国海证券--航发控制动态点评:航空发动机核心组成,受益产业快速发展【公司研究】",06-27,早睡早起身体好
05-25,000738,"国海证券--航发控制调研简报:实力提升需求释放,核心地位支撑广阔前景【公司研究】",05-25,果实猎人
03-29,000738,"中国银河证券--航发控制:业绩稳中有增,结构调整加快【公司研究】",03-29,粤色倾城
11-03,000738,"中信建投证券--航发控制:聚焦动控主业,独享百亿空间【公司研究】",11-03,火箭发射1
08-29,000738,"中泰证券--航发控制:聚焦航发控制稳增长,背靠中国航发迎良机【公司研究】",08-29,抖破苍穹
08-25,000738,"中信建投证券--航发控制:聚焦航发动控主业,受益两机专项逐步实施【公司研究】",08-25,一条大路
08-24,000738,"太平洋--航发控制:受益两机专项扶持,未来发展前景广阔【公司研究】",08-26,朔夜星寒
08-24,000738,"国信证券--航发控制:业绩增长符合预期,看好后续业绩增长【公司研究】",08-24,熊掌清蒸
08-24,000738,"广发证券--航发控制:实际控制人变更完成,发动机控制业务稳健发展【公司研究】",08-24,笑笑疯
03-29,000738,"广发证券--中航动控:聚焦航空发动机控制系统,推动国产发动机发展【公司研究】",04-15,生生不息10
03-17,000738,"国信证券--中航动控2016年年报点评:航发控制相关需求持续上升,长期配置价值凸显【公司研究】",03-20,赵一龙
12-23,000738,"天相投资--ST宇航:主营业务平稳增长,转包业务助力未来业绩【公司研究】",12-23,风之鱼主
12-23,000738,"大同证券--ST宇航重大资产重组事件点评:体系内成功“借壳”,实现上市公司资产质量的极大改善【公司研究】",12-23,来川栖
12-23,000738,"天相投资--ST宇航:重组成功,业绩大幅度提升【公司研究】",12-23,肥斑马
12-23,000738,中航证券--T宇航深度研究：中航工业航空发动机控制系统业务发展平台【公司研究】,12-23,玉芝轩
12-23,000738,中航证券--ST宇航：蜕变为航空发动机产业的“大脑”【公司研究】,12-23,华音天问
10-26,000738,"东北证券--中航动控:航空发动机大脑,静待两机专项扶持【公司研究】",12-01,祥瑞之师
01-04,000738,"华金证券--中航动控:稳定增长,打造动力控制系统一体化产业体系【公司研究】",12-01,洛林萝德
01-04,000738,"华金证券--中航动控:主业优势突出,各项业务稳步推进【公司研究】",01-04,好奇笨死猫
01-04,000738,"国海证券--中航动控:即将受益航空发动机大发展,长期发展空间巨大【公司研究】",01-04,哈佛校霸
01-04,000738,"东兴证券--中航动控调研快报:内生外延迅速增长,期待研究所资产注入【公司研究】",01-04,天太黑了
01-04,000738,"西南证券--中航动控:净利润持续增长,努力开拓新市场【公司研究】",01-04,清风之羽云
11-20,600316,东兴证券--洪都航空事件点评:持续看好洪都航空基本面扭转带来的投资机会【公司研究】,11-20,即时免费1
12-23,600316,国元证券--洪都航空:投资收益贡献主要利润【公司研究】,12-23,七星灵儿
12-23,600316,"天相投资--洪都航空:投资收益带来利润增长,未来发展空间广阔【公司研究】",12-23,烤面包
12-23,600316,"中投证券--洪都航空:国内外航空产品此消彼涨,投资收益是中期业绩增长【公司研究】",12-23,中国手球队
12-23,600316,光大证券--洪都航空:L15将助洪都航空翱翔【公司研究】,12-23,德国腊肠
12-23,600316,"中泰证券--洪都航空:“教练机、转包、通用航空”,三驾马车带动公司稳步发展【公司研究】",12-23,想黑别内涵
12-23,600316,天相投资--洪都航空:投资收益大幅增加导致业绩超预期【公司研究】,12-23,离开之前想说
12-23,600316,中投证券--洪都航空:毛利率提升和投资收益是业绩提升的主要原因【公司研究】,12-23,神话呀
12-23,600316,"银河证券--洪都航空:业绩加速增长,长期空间广阔【公司研究】",12-23,魔逆天
12-23,600316,"西南证券--洪都航空:增发将获持续增长动力,板块整合预示空间广阔【公司研究】",12-23,你是我错了
12-23,600316,"天相投资--洪都航空:业绩于第三季度反转,未来大有可为【公司研究】",12-23,我为花狂
12-23,600316,天相投资--洪都航空：受益于K8教练机热销，09年下半年将现业绩拐点【公司研究】,12-23,独孤通魔
12-23,600316,银河证券--洪都航空：公司业绩进入持续增长阶段【公司研究】,12-23,二弱点
12-23,600316,东海证券--洪都航空：高速发展中的航空制造企业【公司研究】,12-23,逆光的底版
12-23,600316,中投证券--洪都航空：飞机合同将在2010年开始影响公司业绩有限【公司研究】,12-23,玲低调
12-23,600316,"国盛证券--洪都航空：主营产品利润率略有下降,定向增发或带来长期利好【公司研究】",12-23,新田不瞬
12-23,600316,中信建投证券--洪都航空：未来仍会有资产注入【公司研究】,12-23,狐堰再临
12-23,600316,中投证券--洪都航空：中期收入下降、费用率提升造成业绩同比下降【公司研究】,12-23,星海洋
12-23,600316,东海证券--洪都航空09半年报点评【公司研究】,12-23,新晋影帝
12-23,600316,"中航证券--洪都航空：控股股东现金认购,增发项目前景看好【公司研究】",12-23,炒馒头块儿
12-23,600316,西南证券--洪都航空：增发预案与市场预期差距较大，投资者须谨慎【公司研究】,12-23,又走了
12-23,600316,中信建投证券--洪都航空：新方案与旧方案基本相同【公司研究】,12-23,网站导航1
12-23,600316,中投证券--洪都航空：增发预案较上次略有调整，估值提升压力较大【公司研究】,12-23,谷小印
12-23,600316,东北证券--洪都航空：L15教练机首飞成功点评【公司研究】,12-23,poikl12
12-23,600316,湘财证券--洪都航空：高教机05架首飞点评【公司研究】,12-23,时候儿
12-23,600316,中银国际证券--洪都航空：教练机和农林机制造商【公司研究】,12-23,花不荣
12-23,600316,国盛证券--洪都航空一季报点评【公司研究】,12-23,风回小院亭芜绿
12-23,600316,"国盛证券--洪都航空08年报点评：公司稳固发展,期待新的利润增长点【公司研究】",12-23,罗大炮
12-23,600316,东海证券--洪都航空：近期市场稳定，中长期前景广阔【公司研究】,12-23,漂亮吗哦
12-23,600316,中航证券--洪都航空：防务公司平台_弃增发或意味整合加快【公司研究】,12-23,酷毙了的马甲
12-23,600316,平安证券--洪都航空：业绩符合预期短期成长乏力【公司研究】,12-23,看不清换一张
12-23,600316,中投证券--洪都航空：业绩符合预期，非公开发行方案终止【公司研究】,12-23,九弟弟
12-23,600316,中投证券--洪都航空(600316)：03架L15教练机首飞成功【公司研究】,12-23,麦田里的虫子
12-23,600316,光大证券--洪都航空(600316)：高级教练机的量产虽需时日，但长期投资价值凸现【公司研究】,12-23,大爱有边
12-23,600316,中信建投证券--洪都航空：高技术、高门槛、高成长的装备制造企业【公司研究】,12-23,你是我错了
12-23,600316,华泰联合证券--洪都航空：整合洪都飞机或将开启乐观未来【公司研究】,12-23,俺们都是文明人
12-23,600316,国金证券--洪都航空股改方案点评【公司研究】,12-23,香蕉牛奶的回忆
12-23,600316,国金证券--洪都航空：L15获印度意向订单【公司研究】,12-23,巫山位置
12-23,600316,中信建投证券--洪都航空：第一季度业绩下降不影响全年增长【公司研究】,12-23,白鹭洲呢
12-23,600316,中投证券--洪都航空（600316）：转包业务有新突破，但教练机业务才是最大看点【公司研究】,12-23,武当特派员
12-23,600316,中航证券--洪都航空（600316）：资产注入渐见效果 谨慎看好【公司研究】,12-23,流亦华年
12-23,600316,东吴证券--洪都航空（600316）：07年报点评【公司研究】,12-23,无敌金迷
12-23,600316,中投证券--洪都航空（600316）：五十年的教练机研制基地，新时代的发展拐点来临【公司研究】,12-23,伪造情话
12-23,600316,华林证券--洪都航空：万里碧空任高飞【公司研究】,12-23,出来冒个泡
12-23,600316,财富证券--洪都航空（600316）三季报点评：业绩季节性波动大，估值水平依然偏高【公司研究】,12-23,杂货时光
12-23,600316,天相投资--洪都航空：前三季度净利润增长需理性看待【公司研究】,12-23,豆豆不在家
12-23,600316,中航证券--洪都航空：盈利能力逐步提高，耐性等待转折来临【公司研究】,12-23,尾盘逆转
12-23,600316,国盛证券--洪都航空（600316）：中报点评【公司研究】,12-23,华音天问
12-23,600316,长江证券--洪都航空（600316）：2007年年度报告点评【公司研究】,12-23,非常麒麟
12-23,600316,国金证券--洪都航空：L15首飞成功【公司研究】,12-23,房价暴涨
12-23,600316,天相投资--洪都航空(600316)：未来增长空间取决于L15高教机【公司研究】,12-23,马甲偷偷来
12-23,600316,西南证券--600316洪都航空动态点评【公司研究】,12-23,小P屁孩
12-23,600316,中投证券--洪都航空(600316)：增发提升协同效应，期待突破发展瓶颈【公司研究】,12-23,所载文章
12-23,600316,中投证券--洪都航空（600316）：投资者见面会及股东大会纪要【公司研究】,12-23,打酱油的孩子
12-28,600316,德意志银行--Hongdu Aviation:Hopes for restructuring fully priced in;initiating with Sell【公司研究】,12-28,十姐
04-13,600316,上海证券--洪都航空14年年报点评:“猎鹰”将迎收获季【公司研究】,01-31,游走云端之人
04-13,600316,上海证券--洪都航空14年年报点评:“猎鹰”将迎收获季【公司研究】,04-13,枇杷膏
01-13,600316,中国银河--洪都航空:L15教练机发放,01-13,麦田里的虫子
01-13,600316,银河证券--洪都航空:L15教练机发放,01-13,泳装美眉
01-04,600316,"银河证券--洪都航空:洪都“利剑”无人作战机成功首飞,无人战机将打开公司中期成长空间【公司研究】",01-31,暖暖炒股
01-04,600316,"华金证券--洪都航空:转折之年,静待4季度业绩绽放【公司研究】",01-31,芝华士牛奶
01-04,600316,"华金证券--洪都航空:k8销量增加,管理费用降低,中报业绩超预期【公司研究】",01-04,人生她如梦
01-04,600316,"银河证券--洪都航空中报点评:业绩取得改善,下半年业绩将大幅增长【公司研究】",01-04,冰冰姐
01-04,600316,"银河证券--洪都航空:预计收入利润确认集中在第四季度,获0.48亿元专项补贴【公司研究】",01-04,藤哀羽青子
01-04,600316,"华金证券--洪都航空:鹰击长空,L-15教练机渐入佳境【公司研究】",01-04,云卷云又舒
01-04,600316,银河证券--洪都航空:成飞集成不同资产注入方案对洪都航空的影响分析【公司研究】,01-04,地球好可怕
01-04,600316,"银河证券--洪都航空:内生增长最强劲的整机企业,教练机、轻多机、无人战机将持续超预期【公司研究】",01-04,听歌炒股
11-26,600316,"中国银河--洪都航空:洪都“利剑”无人作战机成功首飞,无人战机将打开公司中期成长空间【公司研究】",03-04,向芷葵
10-30,600316,"中国银河--洪都航空:预计收入利润确认集中在第四季度,获0.48亿元专项补贴【公司研究】",01-10,慕容朱颜
07-30,600316,"航天证券--洪都航空:鹰击长空,L-15教练机渐入佳境【公司研究】",10-23,公主没睡醒
06-24,600316,"华泰证券--洪都航空:“猎鹰“展翅,助力发展【公司研究】",04-21,杯具了吧
03-22,600372,"东莞证券--中航电子年报点评:业绩低于预期,毛利率下降和资产减值损失增长是主因【公司研究】",03-22,绿洲遗老
01-16,600372,"东莞证券--中航电子深度报告:国内航电龙头,资产注入值得期待【公司研究】",01-16,每当伤心过一秒
01-07,600372,"川财证券--中航电子:公司发布股份回购预案,彰显发展信心【公司研究】",01-07,今天抛出了
12-24,600372,"申万宏源--中航电子:内生外延双轮驱动,航电龙头乘风远行【公司研究】",12-24,水漪心静
08-27,600372,"川财证券--中航电子2018年中报点评:公司业务稳定增长,看好航电系统长期发展【公司研究】",08-27,懒懒上网
06-21,600372,"国海证券--中航电子事件点评:发展动力充沛,增持彰显信心【公司研究】",06-21,靓妹小蛮腰
06-21,600372,"川财证券--中航电子:航空工业增持股份,看好公司持续发展【公司研究】",06-21,打酱油的孩子
03-21,600372,"国海证券--中航电子事件点评:业绩符合预期,看好航空电子发展潜力【公司研究】",03-21,西原骆驼
01-05,600372,"国海证券--中航电子动态点评:航空电子龙头,可转债助力实力再升级【公司研究】",01-05,芙蕖映水中
07-26,600372,光大证券--中航电子:军民融合与院所改制双重受益的航电旗舰【公司研究】,07-26,戏如人生
03-21,600372,"广发证券--中航电子:业务结构进一步优化,长期受益于资产整合【公司研究】",03-21,贝击塔
03-17,600372,"中国银河--中航电子:航电业务将持续增长,发展和改革前景看好【公司研究】",03-20,青色妖姬
12-23,600372,"天相投资--ST昌河:重组后扭亏,明年上半年有望恢复上市【公司研究】",12-23,右抱萝莉
12-23,600372,"国盛证券--ST昌河：变身航天军工,发展前景明朗【公司研究】",12-23,龙小哥
12-23,600372,平安证券--*ST昌河：航电第一股、航空照明点亮未来【公司研究】,12-23,大豆腐22
12-23,600372,中航证券--ST昌河深度研究报告：未来中航工业航电资产整合平台【公司研究】,12-23,古城的杜鹃
12-23,600372,国盛证券--*ST昌河（600372）季报点评【公司研究】,12-23,中信银行限
12-23,600372,西南证券--ST 昌河（600372）半年报点评：期待重组整合实现凤凰涅磐【公司研究】,12-23,双飞燕22
12-23,600372,中航证券--ST昌河公告点评【公司研究】,12-23,去玩吧
12-23,600372,西南证券--ST昌河资产置换点评：重组整合终有眉目【公司研究】,12-23,若是听风
12-28,600372,德意志银行--AVIC Avionics:Margins for modernization;initiating with Buy【公司研究】,05-26,风中雪10
10-29,600372,"中泰证券--中航电子:业绩下滑不改平台地位,潜在资产注入仍可预期【公司研究】",12-09,老是笑嘻嘻
08-27,600372,"中泰证券--中航电子:偶然因素导致业绩下滑,航电平台地位未有改变【公司研究】",08-27,爱我喜欢的
08-10,600372,"中泰证券--中航电子:航电龙头,腾飞!【公司研究】",08-10,花不荣
07-24,600372,华金证券--中航电子:电子战背景下航电系统业务价值凸显【公司研究】,07-24,有人姓罗
01-04,600372,"广发证券--中航电子深度报告:国防信息化提升机载电子需求,航电业务整合未来可期【公司研究】",01-04,山东老猫10
01-04,600372,"华金证券--中航电子:加速整合,稳步增长【公司研究】",01-04,笑面猫
01-04,600372,"东北证券--中航电子调研报告:立足于航电系统产业,民品与非航空防务业务的发展空间较大【公司研究】",01-04,谁能和我唠唠
01-04,600372,"华金证券--中航电子:航电系统整合平台,业绩伴随行业增长【公司研究】",01-04,离开之前想说
01-04,600372,银河证券--中航电子中报点评:增速有所加快期待资产整合【公司研究】,01-04,炒股换酒
01-04,600372,"广发证券--中航电子中报点评:中报业绩符合预期,期待下半年收购完成【公司研究】",01-04,那是什么
01-04,600372,光大证券--中航电子:收购资产凸显航电系统资产整合平台地位【公司研究】,01-04,赵一龙
01-04,600372,"中信建投证券--中航电子:业绩明显增厚,整合稳步推进【公司研究】",01-04,胡三刀10
01-04,600372,"东莞证券--中航电子半年报点评:主营业务稳健增长,业绩存在向上空间【公司研究】",01-04,中国手球队
01-04,600372,"中信建投证券--中航电子:航电产品支撑业绩增长,股权收购已获评估备案【公司研究】",01-04,我很困惑
01-04,600372,"银河证券--中航电子:将收购企业类资产,增厚效应明显【公司研究】",01-04,薄荷花卷
01-04,600372,"中信建投证券--中航电子:股权收购实施完成,四季度集中交付将支撑全年高增长【公司研究】",01-04,亚克西啊亚克西
01-04,600372,"安信证券--中航电子:航电业务快速发展,后续资产整合值得期待【公司研究】",01-04,黑se泡沫
01-04,600372,"广发证券--中航电子:公司航电平台地位依然确定,受益国防信息化发展方向【公司研究】",01-04,不用试图抄底
01-04,600372,"平安证券--中航电子:资产注入箭在弦上,成飞集成股权增值空间巨大【公司研究】",01-04,猩语心愿
01-04,600372,"安信证券--中航电子:13年EPS略低于预期,14年业绩存在压力【公司研究】",01-04,一虎哥
01-04,600372,"广发证券--中航电子:看好航电业务平台,但14年费用增长可能影响业绩【公司研究】",01-04,有效邮箱dz
01-04,600372,"银河证券--中航电子:主业稳定增长,2014年业绩可能下降【公司研究】",01-04,南国的小径
01-04,600372,山西证券--中航电子:看点在研究所资产注入【公司研究】,01-04,基里巴斯
01-04,600372,中信建投证券--中航电子:增厚业绩、协同发展、强化预期【公司研究】,01-04,云上跳爵士
01-04,600372,"山西证券--中航电子:公司托管加政策推动,资产注入预期增强【公司研究】",01-04,半完美路线
01-04,600372,"东兴证券--中航电子调研快报:托管航电板块,航电龙头地位稳固【公司研究】",01-04,李铁龙
01-04,600372,"中信建投证券--中航电子:航电旗舰,乘风扬帆【公司研究】",01-04,我在巴黎看下雨
01-04,600372,"银河证券--中航电子:业绩符合预期,未来将受益于研究所改制【公司研究】",01-04,欧阳墨颜
10-30,600372,"中信建投证券--中航电子:股权收购实施完成,四季度集中交付将支撑全年高增长【公司研究】",03-31,舞动ou最爱
04-29,600038,"申万宏源--中直股份:订单充足产能加速释放,内外经营环境改善增厚业绩【公司研究】",04-29,海蓝蓝10
04-29,600038,"东北证券--中直股份:一季度业绩较快增长,看好全年业绩表现【公司研究】",04-29,雨中相思客
04-04,600038,"广发证券--中直股份:业绩符合预期,看好公司新产品市场空间【公司研究】",04-04,谁能和我唠唠
04-02,600038,"安信证券--中直股份:2018年归母净利润同比增长12.07%,预计2019年增速有所提升【公司研究】",04-02,李大哥哥哥
03-28,600038,"申万宏源--中直股份:年报业绩符合预期,看好公司中长期投资机会【公司研究】",03-28,湖里吃竹子
03-28,600038,"长城证券--中直股份公司动态点评:营收重回正增长,关注军民两款新机型【公司研究】",03-28,枫之殇
03-22,600038,"国海证券--中直股份事件点评:军民需求向好,直升机龙头加速成长【公司研究】",03-22,于珊9639
03-22,600038,"东北证券--中直股份:重点机型驱动营收增长,管控能力有所提升【公司研究】",03-22,海风之音
03-22,600038,"国盛证券--中直股份:业绩符合预期,新一轮高成长可期【公司研究】",03-22,房间里的猪
03-21,600038,"开源证券--中直股份2018年报业绩点评:直升机制造核心企业,业绩重回增长轨道【公司研究】",03-21,云卷云又舒
03-06,600038,"国盛证券--中直股份:中国直升机龙头,开启新一轮高成长【公司研究】",03-06,舞动ou最爱
02-19,600038,"申万宏源--中直股份:军民用直升机龙头,新机型放量未来业绩可期【公司研究】",02-19,飘雪蓝魂
11-30,600038,"东兴证券--中直股份事件点评:直10ME通过技术评审,通用型直升机量产在即【公司研究】",11-30,娱乐八卦一下
10-29,600038,"国海证券--中直股份动态点评:业绩稳定增长,发展不断向好【公司研究】",10-29,手机丢了
10-29,600038,"中信建投证券--中直股份:营收净利延续稳增态势,新机型放量蓄势待发【公司研究】",10-29,小桥流水寄年华
10-29,600038,"广发证券--中直股份:利润增速较快,静待新型直升机列装【公司研究】",10-29,和花心
10-29,600038,"开源证券--中直股份2018年三季报业绩点评:陆军航空化建设助力发展,新机型量产提升预期【公司研究】",10-29,阒月
09-28,600038,"中泰证券--中直股份:大市场、新装备,直升机龙头再起飞【公司研究】",09-29,大红果子
09-19,600038,长城证券--中直股份公司深度报告(一):从全球产业格局看行业发展趋势【公司研究】,09-19,选木偶
09-06,600038,"太平洋--中直股份:钢铁旋翼成为陆军转型翅膀,拐点渐近开启未来成长空间【公司研究】",09-06,蒲公英的笑
09-04,600038,"安信证券--中直股份:2018H1归母净同比增长16%,预收款同比增长53%【公司研究】",09-04,用过了
09-03,600038,"安信证券--中直股份:直升机龙头蓄势腾飞,军民共进前景广阔【公司研究】",09-03,向芷葵
09-03,600038,"中信建投证券--中直股份:营收净利稳定增长,静待新机定型增量【公司研究】",09-05,神齐战车
08-30,600038,"申万宏源--中直股份:18年上半年业绩符合预期,看好公司未来新型国产直升机放量带来的业绩增长【公司研究】",08-30,哥们好久不见
08-28,600038,"财富证券--中直股份:中报业绩符合预期,后续业绩有望进入加速期【公司研究】",08-28,痞子龙2010
08-28,600038,"浙商证券--中直股份2018半年报点评报告:上半年平稳增长,新会计政策带来积极影响【公司研究】",08-28,JAY小样
08-21,600038,"浙商证券--中直股份深度报告:直升机行业加速发展,公司业绩迎来拐点【公司研究】",08-21,粉红色的樱花
05-02,600038,"安信证券--中直股份:一季度业绩基本持平,会计准则变更或产生积极影响【公司研究】",05-02,忘记密码1
05-02,600038,"安信证券--中直股份:一季度业绩基本持平,会计准则变更或产生积极影响【公司研究】",05-02,听歌炒股
05-02,600038,"申万宏源--中直股份:18年Q1业绩符合预期,预计公司进入快速增长期【公司研究】",05-02,在阳光下畅快笑
03-29,600038,"中信建投证券--中直股份:归母净利实现小幅提升,航空主业有望快速增长【公司研究】",03-29,阿猫阿狗123
03-29,600038,"安信证券--中直股份:2018年蓄势待发,关注新机型进展【公司研究】",03-29,岩女王
03-20,600038,"申万宏源--中直股份:17年业绩符合预期,产品周期与需求完美匹配助力公司未来业绩台阶式增长【公司研究】",03-23,逆光的底版
03-19,600038,"安信证券--中直股份:17年归母净利润同比增长3.69%,新机型交付数量稳步上升【公司研究】",03-20,紫色雨滴
03-19,600038,"国海证券--中直股份事件点评:业绩略低于预期,2018年高增长通道有望开启【公司研究】",03-19,忧郁太皇
02-22,600038,"国海证券--中直股份深度报告:直升机龙头,受益军民需求快速增长【公司研究】",02-23,一斤波菜
12-19,600038,"东兴证券--中直股份:直20量产在即,拥抱行业龙头【公司研究】",12-20,蓝天蓝天1
11-22,600038,"国海证券--中直股份动态点评:直升机龙头实力不断提升,军民需求有望快速释放【公司研究】",11-22,春小丽
11-15,600038,"华金证券--中直股份:发展格局保持良好,业绩有望重回上升通道【公司研究】",11-15,挡住半边脸
11-09,600038,"中信建投证券--中直股份:短期下滑不改长期趋势,17年或为业绩拐点【公司研究】",11-09,西魔客
11-01,600038,"安信证券--中直股份:盈利能力提升,业绩略有下降【公司研究】",11-03,云南007
10-31,600038,"申万宏源--中直股份:三季度业绩略低于预期,看好新型号带来的业绩增长【公司研究】",10-31,敏敏凝香
09-14,600038,"华金证券--中直股份:受益通用航空渐进放开,行业发展空间广阔【公司研究】",09-16,默色十四爷
09-11,600038,"申万宏源--中直股份:上半年业绩表现符合预期,看好公司全年业绩成长【公司研究】",09-11,怕老鼠的猫窝
09-11,600038,"安信证券--中直股份:空中霸主,扶摇直上【公司研究】",09-16,坚持纪律1
09-05,600038,"安信证券--中直股份:业绩有所下降,看好未来发展【公司研究】",09-05,傲雪秋风
08-31,600038,"开源证券--中直股份2017年中报业绩点评:上半年业绩小幅下滑,需求提升推动发展【公司研究】",08-31,亚乐囡囡
06-28,600038,"华金证券--中直股份:巴黎航展军民直升机齐亮相,应急救援通航直升机价值凸显【公司研究】",08-06,插入排序
05-04,600038,"申万宏源--中直股份:一季度业绩表现略超预期,国内直升机行业龙头蓄势待发【公司研究】",05-04,神话呀
04-01,600038,"申万宏源--中直股份:直升机放量在即,行业龙头扶摇直上【公司研究】",04-01,那是什么
03-30,600038,"国信证券--中直股份2016年年报点评:业绩平稳,直升机将进入高需求拐点【公司研究】",03-30,何雅童
03-23,600038,"中信建投证券--中直股份:业绩稳中略降,新机型有望重启增长【公司研究】",03-23,新田不瞬
03-17,600038,"长城证券--中直股份公司动态点评:直升机龙头,未来市场广阔【公司研究】",03-20,那是什么
03-16,600038,"开源证券--中直股份2016年报点评:业绩保持稳定,新机型提升预期【公司研究】",09-13,狗狗好看
03-16,600038,"广发证券--中直股份:业绩持平,军用直升机有望驱动业绩快速增长【公司研究】",03-17,静静的军刀
12-23,600038,"长城证券--哈飞股份:内生增长缓慢,注入最为明确【公司研究】",12-23,勿离勿移
12-23,600038,"上海证券--哈飞股份:经营状况平稳,波澜不惊【公司研究】",12-23,敏敏凝香
12-23,600038,西南证券--哈飞股份:资产注入渐行渐进内生外延成长空间广阔【公司研究】,12-23,小个股圣
12-23,600038,"国元证券--哈飞股份:业绩稳定,资产整合值得期待【公司研究】",12-23,莫不是你
12-23,600038,天相投资--哈飞股份:净利润同比增长44.95%【公司研究】,12-23,香麦甸
12-23,600038,"中投证券--哈飞股份:看好整合机会和直升机产业发展,但公司估值压力加大【公司研究】",12-23,工藤yi风
12-23,600038,天相投资--哈飞股份(600038):航空产品未能按期交付导致业绩低于预期【公司研究】,12-23,泡沫沉
12-23,600038,"中投证券--哈飞股份:业绩略低于预期,但仍看好直升机业务发展【公司研究】",12-23,海风之音
12-23,600038,湘财证券--哈飞股份调研简报【公司研究】,12-23,房间里的猪
12-23,600038,"国融证券--哈飞股份:近期经营平稳,未来发展可期【公司研究】",12-23,你看人品
12-23,600038,湘财证券--哈飞股份事件点评:Z15首飞成功【公司研究】,12-23,秋赏三角梅
12-23,600038,"太平洋--哈飞股份:资产整合临近,公司迎来快速发展期【公司研究】",12-23,他弟的
12-23,600038,"天相投资--哈飞股份:直升机行业龙头,静待资产重组【公司研究】",12-23,御膳烹手
12-23,600038,"东北证券--哈飞股份:收入稳定,期待未来整体上市【公司研究】",12-23,空灵省
12-23,600038,"天相投资--哈飞股份:业绩稳定,资产整合预期强烈【公司研究】",12-23,迷路季节
12-23,600038,"天相投资--哈飞股份: 中航直升机资产整合平台,业绩稳定增长【公司研究】",12-23,翘臀公子
12-23,600038,东北证券--哈飞股份：业绩稳定、注入临近、低空已然张开怀抱【公司研究】,12-23,亚乐囡囡
12-23,600038,"国信证券--哈飞股份：业绩稳定增长,静待行业催化剂【公司研究】",12-23,蜻蜓侠
12-23,600038,中投证券--哈飞股份：中报业绩增长依靠民用航空产品增长和毛利率提升【公司研究】,12-23,点开这样的
12-23,600038,湘财证券--哈飞股份：净利润增加，业绩增长稳定【公司研究】,12-23,灵殇小凤
12-23,600038,广发证券--哈飞股份：业绩符合预期，静待转包及通用航空取得突破【公司研究】,12-23,夕阳再见
12-23,600038,中投证券--哈飞股份：业务增长尚待新产品推出，重组之迷局有待揭开【公司研究】,12-23,风曳千合
12-23,600038,广发证券--哈飞股份：不鸣则已，一鸣惊人【公司研究】,12-23,蓝染清水爱
12-23,600038,东北证券--哈飞股份：艰难前行中期待涅槃【公司研究】,12-23,没完有了
12-23,600038,东海证券--哈飞股份：业绩平稳，短期成长性有限【公司研究】,12-23,初始化状态
12-23,600038,西南证券--哈飞股份：短期内高估值难有消化因素【公司研究】,12-23,洛林萝德
12-23,600038,中银国际证券--哈飞股份：直升机平稳发展，复合材料是亮点【公司研究】,12-23,人间有你
12-23,600038,中投证券--哈飞股份：安博威公司订单缩减影响投资收益【公司研究】,12-23,异国人情
12-23,600038,西南证券--哈飞股份：新产品、资产注入两大亮点值得期待【公司研究】,12-23,兵马涌
12-23,600038,东海证券--哈飞股份：业绩平稳，未来值得期待【公司研究】,12-23,牛太顿了
12-23,600038,天相投资--哈飞股份：业绩持平，资产整合可期【公司研究】,12-23,热门主题吧
12-23,600038,平安证券--哈飞股份：业绩平稳， 短期整合预期是动力【公司研究】,12-23,你看人品
12-23,600038,中投证券--哈飞股份：业绩依然平淡无奇，现金流状况有隐忧【公司研究】,12-23,三生七世
12-23,600038,中航证券--哈飞股份：具备价值重估题材并同时增长预期稳定的航空制造类公司【公司研究】,12-23,哭起来没完
12-23,600038,中投证券--哈飞股份（600038）：一季报业绩剧增难破全年平缓增长趋势【公司研究】,12-23,每当伤心过一秒
12-23,600038,西南证券--哈飞股份：新中航直升机产业板块的支撑【公司研究】,12-23,六盘水小吃
12-23,600038,中投证券--哈飞股份：努力开拓民用航空制造业务，增添未来业务看点【公司研究】,12-23,奔跑明天
12-23,600038,天相投资--哈飞股份-前三季度净利润小幅下滑，全年业绩稳定【公司研究】,12-23,月读中的卡卡西
12-23,600038,中投证券--哈飞股份：去年与空客的框架协议今年取得实质性进展【公司研究】,12-23,JAY小样
12-23,600038,中航证券--哈飞股份：烫手山芋【公司研究】,12-23,啃白菜
12-23,600038,中投证券--哈飞股份（600038）：业务增长低于预期，业务进入平缓增长阶段【公司研究】,12-23,二弱点
12-23,600038,中投证券--哈飞股份 （600038）：立足当前，放眼未来【公司研究】,12-23,你少根筋
12-23,600038,中投证券--哈飞股份 600038：持续增长，期待飞跃【公司研究】,12-23,浮菏
01-28,600038,元大证券--中直股份:多项政策利好确保展望乐观【公司研究】,01-29,梦珞殇
04-28,002013,"中泰证券--中航机电:业绩稳增内部运行状况良好,主业聚焦盈利能力持续提高【公司研究】",04-28,邪恶的雅童
04-01,002013,"中信建投证券--中航机电:公司业绩稳健增长,聚焦主业发展可期【公司研究】",04-01,住纠结
03-25,002013,"国盛证券--中航机电:航空机电系统旗舰平台,内生外延俱佳【公司研究】",03-25,宝贝听相生
03-22,002013,"广发证券--中航机电:聚焦航空主业,看好公司平台价值【公司研究】",03-22,夜礼服假猪
03-18,002013,"安信证券--中航机电年报点评:整体经营稳健,19年预计稳步上升【公司研究】",03-18,梦想是希望
03-18,002013,"中泰证券--中航机电:公司业绩稳步增长,军民市场前景广阔【公司研究】",03-18,低温恋人
03-18,002013,东吴证券--中航机电:军用航空与防务带动整体业绩增长【公司研究】,03-18,纯银耳坠
01-24,002013,"广发证券--中航机电:业绩符合预期,看好公司平台价值【公司研究】",01-24,妙妙红葵
01-21,002013,"中信建投证券--中航机电:回购股份彰显信心,内生外延空间广阔【公司研究】",01-21,御用色彩
12-27,002013,安信证券--中航机电:机电系统龙头增长稳健、平台地位唯一运作有序【公司研究】,12-27,砂瀑景
11-01,002013,"东兴证券--中航机电三季报点评:净利润增速显著快于营收增速,航空产品量价齐升【公司研究】",11-01,赚钱不商量
10-29,002013,"申万宏源--中航机电:三季度业绩符合预期,看好公司全年业绩增长【公司研究】",10-29,傻天王
09-28,002013,"中泰证券--中航机电:内生外延前景俱佳,机电龙头强者恒强【公司研究】",09-28,内轮羽晓
09-12,002013,"广发证券--中航机电:上半年净利润增长14%,关注科研院所改制进度【公司研究】",09-12,天酒而而是
09-05,002013,"中信建投证券--中航机电:营收稳健增长,内生外延增长空间广阔【公司研究】",09-05,道道皮蛋
09-04,002013,"川财证券--中航机电2018年中报点评:业绩增长符合预期,军民品机电系统空间大【公司研究】",09-04,桉乔
09-04,002013,安信证券--中航机电:18年营收目标已达一半【公司研究】,09-04,首席行政长
09-03,002013,"申万宏源--中航机电:2018H1业绩符合预期,资本运作助力业绩腾飞【公司研究】",09-03,黄书郎酒
09-03,002013,"东吴证券--中航机电:上半年经营状况良好,收入利润稳步增长【公司研究】",09-03,舟雪洒寒灯
08-30,002013,"中信建投证券--中航机电:军用机电系统龙头,民用及维修市场拓展潜力巨大【公司研究】",08-30,罗打爆
08-29,002013,"中信建投证券--中航机电:军用机载系统垄断企业,拓展民用增强维修潜力巨大【公司研究】",08-29,石锅拌饭啊
08-07,002013,"国海证券--中航机电动态点评:行业景气向上,公司发展向好【公司研究】",08-07,依风-思念
06-29,002013,"申万宏源--中航机电:内生外延双线出击,机电龙头舍我其谁【公司研究】",06-29,极品路人甲
06-25,002013,"川财证券--中航机电:航空机电上市平台,军民品业务空间大【公司研究】",06-25,真国皇
06-15,002013,"东兴证券--中航机电事件点评:控股股东整合,显著利好民机业务拓展【公司研究】",06-15,阒月
06-12,002013,"中信建投证券--中航机电:机载系统公司组建推动技术协同,航机电发展或迎空前机遇【公司研究】",06-12,股海飘雨
06-11,002013,"国海证券--中航机电事件点评:航空装备产业机遇期,合并加速专业化发展【公司研究】",06-11,大虎星星
04-28,002013,"国海证券--中航机电事件点评:利润快速增长,广阔前景可期【公司研究】",04-28,马四立
04-26,002013,"中信建投证券--中航机电:一季度业绩大幅提升,主业放量保障全年增长【公司研究】",04-26,迷雾雨纷
04-04,002013,"联讯证券--中航机电:军机升级换代进入兑现阶段,机电系统龙头受益量价【公司研究】",04-04,小英杰
03-20,002013,"东吴证券--中航机电点评:发行可转换债券方案获证监会通过,收购与募投项目进入实施期【公司研究】",03-20,小熊历史
03-20,002013,"东吴证券--中航机电点评:签署合作备忘录,推进民用航空领域布局【公司研究】",03-20,九十个葫芦娃
03-20,002013,"中信建投证券--中航机电:主营业务稳步增长,并购协同值得期待【公司研究】",03-20,酒后炒股
03-15,002013,"国信证券--中航机电2017年年报点评:利润总额高增长,低估白马迎来拐点【公司研究】",03-15,团员和团圆
03-08,002013,"联讯证券--中航机电:2017年业绩符合预期,军费提速未来三年成长加速【公司研究】",03-08,庖厨君子
03-07,002013,"东吴证券--中航机电2017年报点评:2017年经营状况良好,2018年目标增速高【公司研究】",03-07,狗狗好看
03-07,002013,"东北证券--中航机电:主营业务稳步增长,盈利能力持续提升【公司研究】",03-07,潇洒悲风
03-07,002013,"广发证券--中航机电:合资评估增值导致业绩微降,长期看好公司平台价值【公司研究】",03-07,悠闲的女忍
03-07,002013,"安信证券--中航机电:17年归母净利润5.79亿,同比下降0.71%【公司研究】",03-07,拳西山摇
02-23,002013,"国海证券--中航机电事件点评:经营业绩稳步提升,受益航空产业发展及资产证券化【公司研究】",02-23,扬我国威
02-22,002013,"东吴证券--中航机电:收入稳定增长,受一次性所得税影响归母净利润下降【公司研究】",02-22,理财百宝箱
01-25,002013,"东吴证券--中航机电:航空机电龙头企业,同时受益于行业景气与改革推进【公司研究】",01-25,一个人一片天
01-23,002013,"国海证券--中航机电调研简报:航空机电龙头继续成长,可转债发行顺利推进【公司研究】",01-23,阎魔小爱神
11-16,002013,"华金证券--中航机电:三季度业绩增长平稳,机电系统市场前景广阔【公司研究】",11-16,他娘的要么
11-15,002013,"国信证券--中航机电深度报告:趋势向上,确定性与弹性俱佳【公司研究】",11-16,大虎星星
10-30,002013,"中信建投证券--中航机电:三季度业绩增长平稳,可转债获批后续增长可期【公司研究】",10-30,时候儿
10-20,002013,"广发证券--中航机电:业绩稳健增长,关注资产收购和科研院所改制进展【公司研究】",10-26,时间荒野
08-24,002013,"国信证券--中航机电:业绩稳步增长,军工混改典范【公司研究】",08-24,一根葱花
08-24,002013,"国信证券--中航机电:业绩稳步增长,军工混改典范【公司研究】",08-24,宴君
08-23,002013,"太平洋--中航机电:聚焦主业稳健增长,关注后续资本运作【公司研究】",08-23,科斯特纳
08-23,002013,"中国银河--中航机电:半年报业绩符合预期,平台价值助力公司成长【公司研究】",10-26,黄书郎酒
08-23,002013,"中国银河--中航机电:半年报业绩符合预期,平台价值助力公司成长【公司研究】",08-23,冷眼观人
08-22,002013,"长城证券--中航机电半年报点评:扣非后业绩大增,航空产业贡献较多增量【公司研究】",08-22,火箭发射1
08-22,002013,"联讯证券--中航机电:中报符合预期,外延脚步继续加快【公司研究】",08-22,宁怡然
08-22,002013,"广发证券--中航机电:航空产品驱动业绩增长,收购资产有望增厚业绩【公司研究】",08-22,请填写有效d
08-18,002013,"国海证券--中航机电动态点评:航空机电龙头持续迭代升级,看好长期确定性发展【公司研究】",08-19,人生她如梦
08-08,002013,"中国银河--中航机电:拟发债收购新航集团和三江机械,公司未来成长可期【公司研究】",08-08,冰冰怪
08-04,002013,"长城证券--中航机电公司动态点评:航空机电类资产整合更进一步,业绩增长和资产注入双轮驱动【公司研究】",08-04,花不灭
08-04,002013,"长城证券--中航机电公司动态点评:航空机电类资产整合更进一步,业绩增长和资产注入双轮驱动【公司研究】",08-04,可爱樱
08-04,002013,"中信建投证券--中航机电:外延并购强化机电平台地位,军民双翼推动业绩增长【公司研究】",08-04,最后被诱空
08-03,002013,"国信证券--中航机电:现金收购军工资产,估值合理成长确定【公司研究】",08-04,巴洛克时代
08-03,002013,"广发证券--中航机电:拟发行可转债收购资产,资本运作持续推进【公司研究】",08-03,不洗头
08-02,002013,"联讯证券--中航机电:有估值,有增长,有资产注入预期的中航工业系统三好学生【公司研究】",08-03,粉红色的樱花
03-22,002013,"中信建投证券--中航机电:机电业务整合平台,受益军民航空发展【公司研究】",06-14,两大动力源
03-16,002013,中国银河--中航机电:航空机电和汽车产业拉动持续增长【公司研究】,03-17,高澳澳
03-15,002013,"长城证券--中航机电年报点评:经营性收益显著改善,资产注入或加快兑现【公司研究】",03-15,时候儿
03-14,002013,"广发证券--中航机电:收购2家公司并表,关注后续资产整合【公司研究】",03-15,JAY小样
12-23,002013,"天相投资--中航精机:主业增长,稳步扩张【公司研究】",12-23,一辈子千千
12-23,002013,"中银国际证券--中航精机:小公司,大集团【公司研究】",12-23,挡住半边脸
12-23,002013,天相投资--中航精机:未来稳步增长预期明朗【公司研究】,12-23,看欧冠
12-23,002013,"天相投资--中航精机:受益汽车销量上升,第三季度业绩大幅提升【公司研究】",12-23,大熊股曝光1
12-23,002013,中航证券--中航精机：内生性增长受限 外推性增长预期良好【公司研究】,12-23,才泡脚水
12-23,002013,中航证券--中航精机：业绩成长速度加快【公司研究】,12-23,肉肉肉1
12-23,002013,光大证券--中航精机：业绩步入上升通道【公司研究】,12-23,犀利的一塌糊涂
12-23,002013,信达证券--中航精机(002013)年报点评：增长稳定，价格基本反映未来两年业务增长【公司研究】,12-23,晓之霸气
12-23,002013,天相投资--中航精机(002013)：钢材价格上涨公司成本压力加大【公司研究】,12-23,蒙面力鲨
12-23,002013,中航证券--中航精机：新中航带来新机遇【公司研究】,12-23,哥们好久不见
12-23,002013,中航证券--中航精机：产能扩张带来成长机会【公司研究】,12-23,蓝死人
12-23,002013,"中银国际证券--中航机电:航空机电垄断平台,内生外延增长兼具【公司研究】",12-23,摩羯坏男人
12-21,002013,"长城证券--中航机电公司动态点评:增发过会,资产注入序幕拉开【公司研究】",12-21,萌神小仓
11-27,002013,"长城证券--中航机电公司动态点评:非公开发行调减3亿,或于年底前获批【公司研究】",11-28,回到解放前11
11-16,002013,"长城证券--中航机电公司深度报告:中国制造2025定调,内外前景俱佳【公司研究】",11-18,绿茶西瓜
10-30,002013,"广发证券--中航机电:第三季度业绩快速恢复,资产整合稳步推进【公司研究】",10-30,圣塔尼奥
10-29,002013,"长城证券--中航机电公司动态点评:三季度业绩明显好转,毛利率和净利率创历史最高水平【公司研究】",10-29,防瞎眼镜
08-31,002013,"广发证券--中航机电:资产整合稳步推进,业绩下滑无碍全年稳增长【公司研究】",08-31,春天没味道
08-19,002013,"渤海证券--中航机电事件点评:增资防务资产,共享资产证券化盛宴【公司研究】",08-19,悄然若失
07-29,002013,"渤海证券--中航机电:定增改善财务结构,资产注入预期强烈【公司研究】",07-29,比舔的都干净
07-20,002013,"银河证券--中航机电:激励机制将到位,公司发展如虎添翼【公司研究】",07-20,波波头泡泡衫
07-17,002013,"广发证券--中航机电:非公开发行获国资委批复,军工国企激励增活力【公司研究】",07-17,西瓜冰激凌
07-13,002013,"广发证券--中航机电:增持彰显信心,航空机电龙头值得拥有【公司研究】",07-13,松无痕
06-16,002013,"广发证券--中航机电:航空机电系统整合平台,资产注入已启航【公司研究】",06-16,笨狸
04-21,002013,"中国银河--中航机电:业绩基本符合预期,期待机电系统进一步整合【公司研究】",04-21,大家开始阶段
04-21,002013,"银河证券--中航机电:业绩基本符合预期,期待机电系统进一步整合【公司研究】",04-21,伊贺紫嫣
01-04,002013,"银河证券--中航精机:航空主业持续增长,资产整合预期提升【公司研究】",01-04,芙蕖映水中
01-04,002013,"广发证券--中航精机:即将更名“中航机电”,受托管理18家公司【公司研究】",01-04,梦回二十
01-04,002013,中信建投证券--中航精机:航电板块上市平台可期【公司研究】,01-04,时间荒野
01-04,002013,银河证券--中航精机:募投项目提升增长能力收购江航增厚公司业绩【公司研究】,01-04,大核桃
01-04,002013,银河证券--中航精机:航空产品支持业绩持续增长收购及融资提升【公司研究】,01-04,哥们好久不见
01-04,002013,广发证券--中航精机:非航业务下滑无碍中期业绩增长【公司研究】,01-04,猫伊
03-07,600893,浙商证券--航发动力点评报告:继续看好航空发动机行业高景气度【公司研究】,03-07,蒲公英的笑
02-03,600893,长江证券--航发动力:轻装前行的航发巨头【公司研究】,02-03,舞动ou最爱
12-27,600893,"国海证券--航发动力动态点评:减负增效,加快前行【公司研究】",12-27,小P屁孩
12-04,600893,"浙商证券--航发动力深度报告:军用航空发动机龙头企业,独享行业高景气度【公司研究】",12-04,真实感情浮现前
11-07,600893,"中航证券--航发动力公司2018年三季度点评:航发市场逐步释放,公司盈利显著增强【公司研究】",11-07,发香像花香
11-05,600893,"中信建投证券--航发动力:聚焦主业营收稳定增长,三费降低净利大幅提升【公司研究】",11-05,毅达令
11-02,600893,"国海证券--航发动力事件点评:业绩大幅增长,能力持续提升【公司研究】",11-02,大好人呀
09-10,600893,"广发证券--航发动力:航空主业稳步增长,期间费用减少助利润大幅增长【公司研究】",09-10,烁婷结合
09-05,600893,"中信建投证券--航发动力:聚焦主业净利大幅提升,全年业绩稳增高度可期【公司研究】",09-05,祝融苗裔
09-05,600893,"中航证券--航发动力公司2018年半年报点评:聚焦航空主业,发动机需求释放可期【公司研究】",09-05,我代表肥
08-30,600893,"光大证券--航发动力2018年中报点评:聚焦主业交付提速,优化费用业绩大增【公司研究】",08-30,什么都不是
08-30,600893,开源证券--航发动力2018年半年报业绩点评:国家支持改善财务结构未来航发巨头起步【公司研究】,08-30,马小虎家
08-29,600893,"国海证券--航发动力事件点评:收入增长费用减少,航发龙头业绩大幅增长【公司研究】",08-29,宅记
08-13,600893,"长江证券--航发动力:高端制造引领者,受益国家制造业升级【公司研究】",08-13,符娃007
07-04,600893,"国海证券--航发动力事件点评:实力提升业绩增长,增持提振市场信心【公司研究】",07-04,千素月
05-22,600893,"国海证券--航发动力深度报告:装备建设促增长,实力提升担大任【公司研究】",05-23,比目了
05-11,600893,"长江证券--航发动力:历史机遇开启只待努力前行,打造航发龙头动力更加强劲【公司研究】",05-11,张大飞哥
05-09,600893,"国海证券--航发动力动态点评:军机需求释放,业绩增长有望【公司研究】",05-09,冠易
04-02,600893,"东吴证券--航发动力年报点评:航空发动机主业稳定增长,经营性现金流显著好转【公司研究】",04-02,真真龙
12-22,600893,"东兴证券--航发动力:势已形成,化茧成蝶【公司研究】",12-25,曲少昂
11-10,600893,"华金证券--航发动力:聚焦主业显成效,航发业务长期看好【公司研究】",11-10,傻哥炒股
11-06,600893,"国信证券--航发动力2017年3季报点评:业绩高增长,军用航发进入加速发展期【公司研究】",11-08,金黄鹤楼
11-01,600893,"中国银河证券--航发动力:增收更增利,业绩重回快车道【公司研究】",11-08,重生紫晶
11-01,600893,"光大证券--航发动力:三季报符合预期,航发及衍生产品交付较上年同期增加【公司研究】",11-01,诺斯的叹息
10-30,600893,"开源证券--航发动力2017年三季报点评:政策扶植推动发展,溢价增发显示潜力【公司研究】",10-30,单翼幂
09-21,600893,"国信证券--航发动力:非公开发行募资进展顺利,开启增长新征程【公司研究】",09-21,奔四联盟
09-11,600893,"太平洋--航发动力:结构调整显成效,两机专项助成长【公司研究】",09-11,败金绅士
09-06,600893,"中信建投证券--航发动力:航空主业稳步增长,航发装备将迎拐点【公司研究】",09-18,三十以后老了
08-31,600893,"国信证券--航发动力:利润大幅增加,成长有望迎来双拐点【公司研究】",09-18,爱着修罗的野
08-23,600893,"中国银河--航发动力:再融资获核准,动力航母将起航【公司研究】",09-18,我就爱赚钱
08-18,600893,"国信证券--航发动力:现代工业皇冠上的明珠,双拐点到来【公司研究】",08-19,冠易
07-12,600893,"光大证券--航发动力:业绩增长明显,定增过会有望更上一层楼【公司研究】",08-04,马甲满天
07-11,600893,"国信证券--航发动力:半年业绩预报同比大幅增长,产品质变与量变带来业绩增长拐点【公司研究】",07-11,不洗头
06-28,600893,光大证券--航发动力:国产航空发动机龙头静待抬头【公司研究】,09-18,流光夾克
06-07,600893,"国信证券--航发动力重大事件快评:大股东承诺增持显信心,白马龙头长期配置价值凸显【公司研究】",06-08,点开这样的
03-27,600893,"中信建投证券--中航动力:中航发整机上市平台,政策扶持+需求驱动保障业绩稳健增长【公司研究】",03-27,请注册用户
03-21,600893,"国信证券--中航动力:主业发展符合预期,中长期优质白马标的【公司研究】",03-21,圆圆盘
03-17,600893,"开源证券--中航动力2016年报点评:航发集团核心企业,重大专项助力发展【公司研究】",03-20,星夜北斗
03-17,600893,"广发证券--中航动力:16年业绩符合预期,17年聚焦主业、提升转包和非航业务层次【公司研究】",03-20,虎痴1
12-23,600893,"东莞证券--航空动力2013年半年报点评:业绩表现优异,资产注入进行中【公司研究】",12-23,熊猫瘦瘦
12-23,600893,东兴证券--航空动力:维修业务提升毛利率水平【公司研究】,12-23,一朵花2001
12-23,600893,"银河证券--航空动力:继续稳定增长,资产收购将提升投资价值【公司研究】",12-23,水天涯
12-23,600893,中泰证券--航空动力:拟注入资产的盈利能力是关键【公司研究】,12-23,基里巴斯
12-23,600893,"中投证券--航空动力:资产注入兑现中航发动机整合承诺,但业绩增厚似不显着【公司研究】",12-23,无间也有厚道
12-23,600893,华泰联合证券--航空动力:航空发动机整机资产整合再迈一步【公司研究】,12-23,见到19元吗
12-23,600893,"申万宏源--航空动力:履行承诺,资产整合迈出第一步,维持增持评级【公司研究】",12-23,伊森艾格
12-23,600893,国联证券--航空动力:中国航空工业的核心和希望【公司研究】,12-23,哈佛校霸
12-23,600893,"华泰联合证券--航空动力2010年1季报点评:稳步增长,志在一流【公司研究】",12-23,快乐十足
12-23,600893,"中航证券--航空动力:公司净利润快速增长,期待整合加速【公司研究】",12-23,淘气天尊1
12-23,600893,国都证券--航空动力:三大业务有望步入高增长【公司研究】,12-23,奔跑明天
12-23,600893,"天相投资--航空动力:主业保持平稳增长,公司具备长期投资价值【公司研究】",12-23,天太黑了
12-23,600893,"国联证券--航空动力:稳健成长,精彩在即【公司研究】",12-23,张大飞哥
12-23,600893,"中投证券--航空动力:业绩符合预期,军品和非航业务增长快速【公司研究】",12-23,歪脚土匪
12-23,600893,华泰联合证券--航空动力:步入高增长【公司研究】,12-23,sep南华
12-23,600893,中泰证券--航空动力:业绩稳步增长的航空发动机制造基地【公司研究】,12-23,凯文羊丁
12-23,600893,"申万宏源--航空动力:业绩快速增长,资产整合预期强烈,增持!【公司研究】",12-23,十字架裸奔
12-23,600893,"广发证券--航空动力:增发成功利在长远,资产整合渐行渐近【公司研究】",12-23,而当脆弱
12-23,600893,"中投证券--航空动力:关联交易披露,预计军品业务增长趋势继续【公司研究】",12-23,念筱
12-23,600893,"国联证券--航空动力:踏上新征程,再腾飞在即【公司研究】",12-23,香草迷茫
12-23,600893,"国金证券--航空动力:建议参与增发,与公司共成长【公司研究】",12-23,依柳望云
12-23,600893,"申万宏源--航空动力:航空发动机产业将进入20年高增长阶段,建议增持!【公司研究】",12-23,散户之家淘气
12-23,600893,"华泰联合证券--航空动力:一体两翼,腾飞在即【公司研究】",12-23,右抱萝莉
12-23,600893,国联证券--航空动力:三季报点评精彩还在后面【公司研究】,12-23,翅膀熊
12-23,600893,"中投证券--航空动力:3季报符合预期,预计全年增长无忧【公司研究】",12-23,狂暴巴拉克
12-23,600893,"天相投资--航空动力:订单减少,第三季度业绩环比大幅下降【公司研究】",12-23,杯具了吧
12-23,600893,国联证券--航空动力:速发展的外贸航空转包业务【公司研究】,12-23,腐蚀花园
12-23,600893,国联证券--航空动力：中国海、空军装备的心脏【公司研究】,12-23,固定电话1
12-23,600893,西南证券--航空动力：内生外延均有亮点，中长期强烈看好【公司研究】,12-23,蓝影火
12-23,600893,爱建证券--航空动力：2009年中报点评【公司研究】,12-23,忧郁的深蓝
12-23,600893,中航证券--航空动力：军品增长超预期【公司研究】,12-23,最爱小贝了
12-23,600893,湘财证券--航空动力：半年报点评【公司研究】,12-23,那山那人那狗
12-23,600893,天相投资--航空动力：航空发动机制造业务大幅增长，前景光明【公司研究】,12-23,大爱有边
12-23,600893,中投证券--航空动力：收入增长和费用控制是中报业绩增长的原因【公司研究】,12-23,日系美容
12-23,600893,国金证券--航空动力：行业发展趋势持续向好【公司研究】,12-23,俺家人
12-23,600893,国信证券--航空动力：航空发动机收入大幅增加，三费严控助推业绩增长【公司研究】,12-23,大爱有边
12-23,600893,中航证券--航空动力：此次定向增发是为更好地发展与整合【公司研究】,12-23,哭起来没完
12-23,600893,中投证券--航空动力：8500万美元的长期采购协议【公司研究】,12-23,没事找我包子
12-23,600893,东北证券--航空动力：签订长期采购协议点评【公司研究】,12-23,南国的小径
12-23,600893,银河证券--航空动力增发简评：增发打好基础　期待资产注入【公司研究】,12-23,左翼天神
12-23,600893,国信证券--航空动力：增发先行，重组靠后【公司研究】,12-23,苏醒尔
12-23,600893,中投证券--航空动力：增发募资将缓解资金压力【公司研究】,12-23,六盘水小吃
12-23,600893,第一创业--航空动力：非公开增发扩产发动机 未来前景看好【公司研究】,12-23,贝击塔
12-23,600893,东北证券--航空动力：增发扩产苦练内功、期待重组整体上市【公司研究】,12-23,爱丽丝梦游仙境
12-23,600893,申万宏源--航空动力：融资扩大生产规模【公司研究】,12-23,符娃007
12-23,600893,国金证券--航空动力：非公开发行增厚效果取决于募投项目ROE【公司研究】,12-23,老友记六人行
12-23,600893,国金证券--航空动力：质优价不廉【公司研究】,12-23,玩玩乐乐1
12-23,600893,中投证券--航空动力：军品业务是业绩增长驱动因素【公司研究】,12-23,卡西部拉喜
12-23,600893,中航证券--航空动力：军品业务增速、毛利率提升超预期【公司研究】,12-23,撒旦亦温柔
12-23,600893,申万宏源--航空动力：业绩快速增长、超出预期，维持增持评级【公司研究】,12-23,到底素为毛
12-23,600893,银河证券--航空动力简评：发动机稳定增长_转包增速面临压力【公司研究】,12-23,传说中的情
12-23,600893,东北证券--航空动力：等待资产注入，展翅翱翔天空【公司研究】,12-23,涨吧没完
12-23,600893,渤海证券--航空动力：即将迎来重大发展机遇 但估值已不低【公司研究】,12-23,伏羲铭德
12-23,600893,中投证券--航空动力：飞翔的中国心【公司研究】,12-23,怀念秋天的风
12-23,600893,中信建投证券--航空动力：防务增速稳定，转包订单充足【公司研究】,12-23,贝击塔
12-23,600893,中航证券--S吉生化：投资收益激增【公司研究】,12-23,雨后的物价
12-23,600893,"银河证券--航空动力:3季度业绩大幅好转,全年增长无忧【公司研究】",12-23,不是臭肉
12-23,600893,"申万宏源--航空动力公告点评:发行股份购买资产并配套融资通过证监会审核,目标价上调为30元,买入!【公司研究】",12-23,赏金螃蟹
11-04,600893,"华金证券--中航动力:配套波动引收入微调,关注资产整合和两机专项【公司研究】",11-29,人人都乐
11-02,600893,"银河证券--中航动力:航空发动机迎来大时代,公司显著受益【公司研究】",01-19,火鸡烧到毛
03-16,002190,"华金证券--成飞集成:17年继续扩张产能,锂电潜在龙头【公司研究】",10-29,翅膀熊
02-14,002190,"太平洋--成飞集成:动力电池业绩稳增,未来持续看好【公司研究】",10-29,左尔一
01-17,002190,"光大证券--成飞集成:军转民典范,新能源先锋【公司研究】",09-13,敏敏凝香
12-23,002190,"天相投资--成飞集成:汽车零部件业务成新亮点,高调介入新能源电池领域【公司研究】",12-23,月棋薇宁
12-23,002190,"天相投资--成飞集成:数控加工收入增加,模具业务回暖【公司研究】",12-23,肥斑马
12-23,002190,天相投资--成飞集成:汽车模具收入将在今年大幅增加【公司研究】,12-23,比舔的都干净
12-23,002190,天相投资--成飞集成:汽车模具收入改善料在明年二季度【公司研究】,12-23,代写论文
12-23,002190,国信证券--成飞集成09年3季报点评:内生和外延双轮驱动助推成长【公司研究】,12-23,青菜1009
12-23,002190,东北证券--成飞集成：产品结构合理抵御风险，“汽模”业务恢复未来可期【公司研究】,12-23,流亦华年
12-23,002190,上海证券--成飞集成：三轮驱动，亮点纷呈【公司研究】,12-23,砂土中的小布熊
12-23,002190,国信证券--成飞集成：军工板块中的估值洼地【公司研究】,09-13,伯爵大人祭
12-23,002190,天相投资--成飞集成：业绩下滑料在下半年有所显现【公司研究】,12-23,猫伊
12-23,002190,长江证券--成飞集成(002190)：新股上市点评【公司研究】,12-23,imhbwyjoan
12-23,002190,长城证券--成飞集成：打造中高端汽车模具龙头 08年值得期待【公司研究】,12-23,血色招魂曲
12-23,002190,天相投资--成飞集成（002190）：汽车覆盖件模具业务瓶颈现象明显【公司研究】,12-23,傻哥炒股
12-23,002190,天相投资--成飞集成(002190)新股分析报告：央企嫡传，腾飞在即【公司研究】,12-23,论坛爱股
12-23,002190,德邦证券--成飞集成(002190)：新股定价参考【公司研究】,12-23,若蕊兔子
12-23,002190,西南证券--成飞集成：合理价格12~15元【公司研究】,12-23,蓝死人
12-23,002190,光大证券--成飞集成(002190)：定位中高端的汽车覆盖件模具生产商【公司研究】,12-23,军校临时员
12-23,002190,平安证券--成飞集成：专心打造国内中高端汽车模具龙头【公司研究】,12-23,二弱点
12-23,002190,申万宏源--成飞集成（002190）：军品技术打造汽车模具龙头，建议询价区间8.48-10.18 元【公司研究】,12-23,罗索斯看盘
12-23,002190,国金证券--成飞集成：技术领先的中高端模具行业龙头【公司研究】,12-23,罗刹鬼舞
12-23,002190,天相投资--成飞集成（002190）： 汽车模具业务亟待突破【公司研究】,12-23,花狐狸22
12-23,002190,中航证券--成飞集成：业绩取决于产能释放【公司研究】,12-23,完善小额
12-09,002190,"华金证券--成飞集成:被遗忘的锂电王者,强势回归!【公司研究】",12-24,瑟朵啦啦
01-09,002190,"中信建投证券--成飞集成:航空防务装备巨头腾飞在即,军工板块有望整体走强【公司研究】",01-09,赏金螃蟹
01-09,002190,"银河证券--成飞集成:重组为航空防务平台,投资价值大幅提升【公司研究】",01-09,堕天使怕谁
01-09,002190,"长城证券--成飞集成:重组方案公布,未来防务公司唯一平台【公司研究】",01-09,旋转木马416
01-08,002190,世纪证券--成飞集成之”中航锂电”调研简报:预计明年锂电池业务将会好转【公司研究】,10-29,战警相似
01-04,002190,"世纪证券--成飞集成调研报告:汽车模具业务基本稳定,未来增长看锂电【公司研究】",11-17,小橘子真甜
01-04,002190,"光大证券--成飞集成:光明的未来,曲折的道路【公司研究】",11-17,秋雨微澜
01-04,002190,"中山证券--成飞集成:国际市场拓展得力,锂电业务等待发力【公司研究】",11-17,红猫猫
01-04,002190,中信建投证券--成飞集成:成飞集成公布重组草案【公司研究】,11-17,谢谢我吧
01-04,002190,中信建投证券--成飞集成终止重组点评【公司研究】,01-04,蒙面力鲨
01-04,002190,华融证券--成飞集成:军工资产证券化遇重大挫折【公司研究】,11-17,最恶心的股票
03-19,600760,"安信证券--中航沈飞年报点评:沈飞公司归母净利增速14.90%,均衡生产有望继续提速【公司研究】",03-19,三月焰火
03-18,600760,"广发证券--中航沈飞:业绩符合预期,待交付产品增幅较大【公司研究】",03-18,就为寻找
03-18,600760,"东吴证券--中航沈飞:业绩稳定增长,储备存货导致现金流下滑【公司研究】",03-18,大爱有边
03-18,600760,"国海证券--中航沈飞事件点评:国防建设加速,业绩快速增长【公司研究】",03-18,暖暖炒股
03-15,600760,"开源证券--中航沈飞:军队装备更新支撑发展,军工体制改革释放潜力【公司研究】",03-15,漂亮吗哦
11-30,600760,"东兴证券--中航沈飞事件点评:歼-11D再试飞,守得云开见月明【公司研究】",11-30,心落百花
10-25,600760,"浙商证券--中航沈飞2018年三季报点评:均衡生产效果显著,全年业绩有望超预期【公司研究】",10-25,龙须糖
10-24,600760,"申万宏源--中航沈飞:三季度均衡交付按期完成,全年业绩高增长确定【公司研究】",10-24,极品路人甲
10-23,600760,"国海证券--中航沈飞事件点评:需求增加均衡生产,业绩增长资金改善【公司研究】",10-23,璞素
09-14,600760,"浙商证券--中航沈飞深度报告:战斗机龙头上市,发展进入快车道【公司研究】",09-15,人太忙
09-12,600760,"广发证券--中航沈飞:上半年收入快速增长,均衡交付效果显著【公司研究】",09-12,慕容颜烟
09-05,600760,"东北证券--中航沈飞:均衡生产效果明显,业绩同比大幅改善【公司研究】",09-05,大爱有边
09-04,600760,"安信证券--中航沈飞:均衡生产持续推进,营业收入及归母净利大幅增长【公司研究】",09-04,京呱呱
09-03,600760,"申万宏源--中航沈飞:半年度均衡交付按期完成,坚定看好全年业绩增长【公司研究】",09-03,雨后的物价
09-03,600760,"国海证券--中航沈飞事件点评:均衡交付提升效率,产品放量保障增长【公司研究】",09-03,暮寻蓝水滨
08-31,600760,光大证券--中航沈飞2018年中报点评:均衡生产促中期业绩大增【公司研究】,08-31,哥们好久不见
08-29,600760,"安信证券--中航沈飞:千磨万击还坚劲,任尔东西南北风【公司研究】",08-29,深秋的早晨
07-27,600760,"国海证券--中航沈飞深度报告:海空军需求共振,空中战斗力建设核心支撑【公司研究】",07-27,朔夜星寒
07-26,600760,东兴证券--中航沈飞系列报告之七:从脉动装配线看沈飞【公司研究】,07-26,西班牙儿歌
07-09,600760,"东北证券--中航沈飞:中国歼击机摇篮,业绩弹性较大【公司研究】",07-09,山寨功夫王
07-06,600760,东兴证券--中航沈飞系列报告之六:从无人机发展看沈飞【公司研究】,07-06,半升酸奶
07-06,600760,东兴证券--中航沈飞系列报告之五:从歼-31看沈飞【公司研究】,07-06,深上市公司
06-26,600760,东兴证券--中航沈飞事件点评-中航沈飞系列报告之四:从F-35的产量与定价看沈飞【公司研究】,06-26,捧腹大笑
06-15,600760,东兴证券--中航沈飞系列报告之二:从成飞发展看沈飞【公司研究】,06-16,残骸的风
06-15,600760,东兴证券--中航沈飞系列报告之一:中航沈飞曾经的两次业绩高峰【公司研究】,06-16,慕野已诺
06-08,600760,"长江证券--中航沈飞:扶摇直上九万里,鹰击长空正有时【公司研究】",06-08,毅文宁
05-22,600760,"光大证券--中航沈飞2018年股权激励草案点评:开总装股权激励先河,启未来盈利提升希望【公司研究】",05-22,月风撩娆
05-18,600760,"中国银河证券--中航沈飞:公司业务迎发展,员工激励正当时【公司研究】",05-18,直线大涨
05-17,600760,"安信证券--中航沈飞:股权激励计划公布,助力经营效率提升【公司研究】",05-17,我就爱赚钱
05-17,600760,"国海证券--中航沈飞事件点评:股权激励推出,发展再添动力【公司研究】",05-17,善款去向
05-17,600760,"申万宏源--中航沈飞:限制性股票激励计划发布,坚定看好公司未来股价表现【公司研究】",05-17,罗刹鬼舞
05-17,600760,"东吴证券--中航沈飞:发布股权激励计划,进入业绩释放和兑现期【公司研究】",05-17,风回小院亭芜绿
05-04,600760,"东吴证券--中航沈飞:收入利润大幅提升,成本费用率趋稳【公司研究】",05-04,八神夜月
04-19,600760,东吴证券--中航沈飞深度报告:主力战机列装带动业务快速发展【公司研究】,04-19,苏醒尔
04-16,600760,"申万宏源--中航沈飞:业绩弹性新突破,重型战机傲九天【公司研究】",04-16,娃面海盗
04-04,600760,"中信建投证券--中航沈飞:歼击机唯一上市平台,需求饱满助业绩稳增【公司研究】",04-09,喜太朗
04-04,600760,"安信证券--中航沈飞:17年归母净利润7.07亿,同比增长25.58%【公司研究】",04-04,朱一剑
04-03,600760,"东吴证券--中航沈飞年报点评:业绩稳步增长,预收大增体现产品需求旺盛【公司研究】",04-03,慕野已诺
03-13,600760,安信证券--中航沈飞:雄鹰展翅六十载鹏程万里领风骚【公司研究】,03-13,老虎油我
02-01,600760,"安信证券--中航沈飞:2017年预计归母净7.06亿,超市场预期【公司研究】",02-01,夕水怜月
01-30,600760,"国信证券--中航沈飞2017年年度业绩预告点评:业绩持续增长,核心航空防务资产迎来快速发展期【公司研究】",01-30,和花心
01-30,600760,"国海证券--中航沈飞动态点评:战斗机龙头出击,充分受益国防现代化建设【公司研究】",01-30,豆子好吃
01-30,600760,"中银国际证券--中航沈飞业绩预告点评:净利润超预期,但估值仍偏高,建议谨慎关注【公司研究】",01-30,漂亮吗哦
01-29,600760,"光大证券--中航沈飞:2017年业绩超预期,战机旗舰正式起航【公司研究】",01-29,李大哥哥哥
01-29,600760,"东吴证券--中航沈飞:沈飞集团经营状况良好,看好公司长期发展前景【公司研究】",01-29,未画完的圈
10-25,600760,"中国银河证券--中航黑豹:重组成功过会,战斗机龙头横空出世【公司研究】",11-27,不洗头
10-24,600760,"光大证券--中航黑豹:重组过会,成战斗机第一股【公司研究】",10-24,加油明天
08-23,600760,"太平洋--中航黑豹:传统主业同比减亏,沈飞注入前景可期【公司研究】",08-27,佛栀子
04-12,600760,"光大证券--中航黑豹:发布重组草案,沈飞上市稳步推进【公司研究】",06-26,厄地马拉
03-08,600760,"国信证券--*ST黑豹年报点评:退市风险消除,共和国长子注入打造战机第一股【公司研究】",06-26,懒懒上网
03-06,600760,"光大证券--*ST黑豹:摘帽在即,值得配置【公司研究】",03-07,恨天归墟
01-18,600760,光大证券--*ST黑豹:中国战斗机巨头横空出世【公司研究】,03-15,不良循环
12-23,600760,天相投资--东安黑豹:4季度毛利率下滑+全年业绩低于预期【公司研究】,12-23,千寻千北
12-23,600760,"天相投资--东安黑豹:继续受益政策支持,第3季度营业收入同比增长【公司研究】",12-23,武兔兔
