fatieshijian,id,jigou,pingji,pinglun,title,yuedu
03-20 21:28,300719,华泰证券股份有限公司,增持,8,聚焦航空产业，军民融合并重,22022
09-26 18:11,300719,国海证券股份有限公司,增持,13,动态点评：维修研制双轮驱动，受益航空产业发展,50032
08-03 08:27,300719,光大证券股份有限公司,增持,2,首次覆盖报告：深耕航空产业链的民营配套商,40524
06-22 10:42,300719,中航证券有限公司,买入,5,产品、技术、服务、业务全方位军民融合促商业模式升级,10.8万
04-25 13:11,300719,中航证券有限公司,买入,11,以竞争性装备采购推进为契机 实现军民融合纵深战略布局,14.0万
10-20 11:05,300719,东莞证券股份有限公司,,4,新股网下申购询价建议报告（安达维尔）,12.0万
08-21 08:54,002297,方正证券股份有限公司,中性,4,业绩扭亏为盈，机轮刹车业务发展可期,33447
08-16 14:53,002297,广发证券股份有限公司,持有,22,C919飞机机轮刹车系统独家供应商,74980
08-16 10:47,002297,太平洋证券股份有限公司,增持,7,高性能材料优势明显，看好航空航天领域布局,80611
03-31 09:27,002297,光大证券股份有限公司,增持,13,汽车制动发力，静待航空梦,71244
04-13 14:16,002297,国泰君安证券股份有限公司,增持,9,高端材料空间巨大，业绩爆发拐点已现,71907
03-23 14:15,002297,方正证券股份有限公司,强烈推荐,9,给“阿飞”双脚,11986
02-27 17:08,002297,海通证券股份有限公司,增持,2,2014年业绩扭亏,24385
12-29 08:39,002297,海通证券股份有限公司,增持,19,备战“C919”，期待明年业绩反转,13291
10-30 14:51,002297,东莞证券有限责任公司,谨慎推荐,7,刹车系统独家供应商，受益大飞机主题投资,22238
09-22 13:32,002297,长城证券有限责任公司,推荐,2,复合材料龙头，核心竞争优势突出,6639
06-12 08:37,002297,国泰君安证券股份有限公司,增持,4,业务步入收获期，主题热度渐升温,31513
05-25 19:13,002297,国泰君安证券股份有限公司,增持,14,定增带来三积极变化，主题投资热度提升,16920
02-26 14:55,002297,国泰君安证券股份有限公司,增持,5,变更管理层，期待新变化,13265
12-23 13:13,002297,海通证券股份有限公司,增持,5,粉末冶金龙头成就C919刹车系统独家供应商：大风起兮云飞扬,12611
11-25 09:37,002297,国泰君安证券,增持,12,公司更新报告：市场拓展新思路，业绩进入反转期,11710
11-14 15:55,002297,广发证券,买入,6,粉末冶金龙头，专注高端制造,10005
11-09 14:25,002297,国金证券,买入,4,粉末冶金新材料的领军企业,11123
05-16 13:28,002297,国泰君安证券,增持,10,业绩迎来拐点，增长更趋稳健,6281
04-28 18:56,002297,国泰君安,增持,0,技术保持领先，业绩迎来拐点,4128
04-28 10:37,002297,方正证券,增持,0,近期汽车刹车片有望破茧而出 远期欲与C919共腾飞,3188
04-28 10:30,002297,方正证券,增持,0,大飞机项目迈出实质性步伐,4274
04-28 10:21,002297,方正证券,增持,0,公司积极延伸产业链,3005
04-28 10:20,002297,国金证券,增持,0,增长刹不住的刹车材料之王,4008
04-28 10:12,002297,东兴证券,推荐,0,从飞机刹车零部件供应商迈向系统供应商,3538
04-28 10:11,002297,长城证券,推荐,0,转身可期，短期业绩有保证,3814
04-28 10:11,002297,国金证券,增持,0,中国第一家飞机刹车系统供应商呼之欲出,3503
04-28 10:07,002297,东兴证券,推荐,0,一季度业绩超预期，期待汽车刹车片市场爆发,4110
04-28 10:01,002297,民生证券,强烈推荐,0,近看产能释放，远看大飞机,3276
04-28 10:01,002297,兴业证券,持有,0,产能释放导致收入和利润大幅增长,4121
04-28 09:59,002297,兴业证券,持有,0,产能释放加速收入增长，成立合资企业正式进军商飞,3022
04-28 09:51,002297,兴业证券,持有,1,与波音飞机刹车系统供应商合资，加速打造全球产业基地,9119
04-28 09:51,002297,东兴证券,推荐,1,签署合资合同组建航空系统公司，服务国产大飞机C919项目,8514
04-28 09:17,002297,方正证券,买入,1,“博云”刹车片 破茧而出,8989
01-24 00:00,002297,中山证券,,0,业绩最低谷，期待大飞机项目启动,85
11-14 00:00,002297,华泰证券,减持,0,刹车副市场受阻，业绩爆发仍需等待,61
10-25 00:00,002297,中邮证券,中性,0,复合材料龙头 业绩迎来释放期,115
04-26 00:00,300696,太平洋证券股份有限公司,买入,6,募投项目进展顺利，新业务拓展后劲十足,9783
12-22 15:11,300696,国海证券股份有限公司,增持,29,动态点评：飞机零部件优质供应商，受益航空产业发展,12.5万
11-20 19:43,300696,中航证券,持有,13,第三季报点评：主营业务高毛利率 航空零部件领域优质民参军供应商,77154
04-15 00:00,002023,中航证券,持有,1,公司2018年年报点评：航空服务业保持稳定，微电子业务成长可期,3676
01-30 10:34,002023,中泰证券股份有限公司,买入,21,上修业绩预告：2018年预增90%-110%；关注化合物半导体芯片业务进展；受益5G、半导体、军工主题投资,74372
12-27 17:07,002023,申万宏源证券有限公司,增持,15,航空产业迎来业绩拐点、自主芯片助力新增长,52534
12-26 18:43,002023,中泰证券股份有限公司,买入,41,中国第一架B737-700飞机“客改货”改装完成受益5G芯片主题投资,51404
08-28 08:55,002023,中泰证券股份有限公司,买入,25,航空板块稳中有进，静待化合物半导体芯片量产！,10.9万
07-22 16:07,002023,中泰证券股份有限公司,买入,50,海特集团亮相全球第二大航展；签约瑞士宜捷航空,16.6万
06-26 08:28,002023,中泰证券股份有限公司,买入,44,第二/三代半导体芯片生产线通过环评，静待量产,19.3万
05-22 09:20,002023,中泰证券股份有限公司,买入,40,公司深度报告：高端芯片量产在即，受益自主可控、军民融合,26.0万
04-25 09:12,002023,中泰证券股份有限公司,买入,28,静待化合物半导体（砷化镓、氮化镓）芯片部分量产,16.3万
04-02 15:17,002023,东兴证券股份有限公司,推荐,9,2017年年报点评：业务同比下滑，航空及半导体行业具备发展空间,95566
03-28 18:00,002023,广发证券股份有限公司,持有,12,主营业务不达预期，关注海威华芯进展,11.0万
03-27 17:55,002023,中泰证券股份有限公司,买入,26,高端芯片2018年有望部分量产，业绩有望进入快车道,99645
10-27 16:38,002023,广发证券股份有限公司,谨慎增持,13,投资收益支撑公司业绩，关注海威华芯进展,15.0万
08-24 08:29,002023,广发证券股份有限公司,谨慎增持,9,半年报业绩同比下滑，关注化合物半导体进展,81203
08-22 15:18,002023,中泰证券股份有限公司,买入,14,“业绩底”显现，下半年有望重回正增长,51069
06-22 09:19,002023,中泰证券股份有限公司,买入,9,首台国产D级飞行模拟机通过民航局初始鉴定 未来受益军民融合、信息安全、通用航空,59147
06-07 14:55,002023,联讯证券股份有限公司,增持,13,【联讯机械军工公司点评】海特高新：航空培训业务快速增长，微电子业务蓄势待发,44090
04-23 16:28,002023,中泰证券股份有限公司,买入,23,“航空 芯片”两大业务逐步走向收获期受益军民融合、信息安全、通用航空,10.3万
04-19 17:57,002023,安信证券股份有限公司,买入,6,航空产业加速布局，业绩增长符合预期,22312
04-19 17:44,002023,太平洋证券股份有限公司,买入,7,夯实主业稳增长，多点布局潜力大,24647
10-30 11:04,002023,东吴证券股份有限公司,增持,4,事件点评：业绩小幅下滑，客改货、航空培训布局全面，未来成长可期,33442
10-27 15:43,002023,东兴证券股份有限公司,推荐,2,2016年三季报点评：短期业绩承压，长远宏图可期,23662
10-27 14:27,002023,中国银河证券股份有限公司,推荐,9,战略提升期投入大业绩承压；航空产业链、芯片业务明后年将逐步收获,25365
09-21 10:12,002023,海通证券股份有限公司,增持,6,跟踪报告：同心多元布局 公司成长可期,18749
09-20 11:07,002023,中国银河证券股份有限公司,推荐,8,与IAI（以色列宇航工业公司）签署飞机客改货合作协议；进军全球飞机改装市场,33512
09-19 09:30,002023,中国银河证券股份有限公司,推荐,4,拟收购增资罗克韦尔柯林斯蓝天公司；进军上游航空模拟系统研制领域,25618
08-23 11:52,002023,华金证券有限责任公司,增持,3,中期业绩符合预期，持续受益“民军通”航发展和军民融合,25508
08-10 12:14,002023,中国银河证券股份有限公司,推荐,3,业绩拐点渐显：中报扣非业绩增长16%芯片、航空业务受益信息安全、军民融合,33192
08-09 16:39,002023,中国银河证券股份有限公司,推荐,6,业绩增速拐点显现：将驶入高增长通道芯片、航空业务受益军民融合、信息安全,29283
08-01 09:38,002023,华金证券有限责任公司,增持,9,拐点将至：“同心多元”布局渐入收获期,39042
05-25 15:45,002023,海通证券股份有限公司,,12,持续关注通用航空及芯片国产化机遇,28922
04-19 19:56,002023,世纪证券,买入,6,2016年一季报点评：持续布局航空及微电子产业，业绩将持续改善,53516
04-13 13:26,002023,中国银河证券股份公司,推荐,11,6吋砷化镓、氮化镓芯片生产线贯通；占国家信息安全、航空产业链制高点，战略意义重大,60339
03-31 15:24,002023,长城证券股份有限公司,推荐,2,公司年报点评：业绩不及预期，期待触底反弹,29818
03-29 22:21,002023,东吴证券股份有限公司,买入,3,事件点评：业绩l下滑符合预期，受益低空空域改革业绩爆发在即,27516
03-29 22:18,002023,安信证券股份有限公司,买入,4,航空产业加速布局，预计年内高端芯片量产,33759
03-29 14:33,002023,银河证券,推荐,7,航空全产业链初具雏形，芯片项目面向雷达/5G 战略意义重大；业绩将重回高增长通道,36448
01-26 13:24,002023,国海证券股份有限公司,增持,4,公司点评：2016年业绩有望复苏,49276
10-30 07:54,002023,东兴证券股份有限公司,推荐,2,2015年三季报点评：新拓展业务的费用摊销影响业绩,9693
10-29 07:39,002023,中国银河证券股份有限公司,推荐,6,明后年业绩将高增长；军民融合、国防信息安全、通用航空战略配置标的,16862
10-14 13:24,002023,中国银河证券股份公司,推荐,977,某型发动机工程荣获“国防科学技术进步奖”一等奖，受益军民深度融合,35.4万
10-12 11:28,002023,中国银河证券股份公司,推荐,4,与中航工业昌飞共参股大洋通用航与中航工业昌飞共参股大洋通用航,10480
09-25 07:59,002023,西南证券股份有限公司,增持,8,布局长远，开启未来成长之路,7219
09-01 08:12,002023,华创证券有限责任公司,推荐,3,业绩小幅低于预期，未来看好公司战略布局,9014
08-29 09:56,002023,长城证券股份有限公司,推荐,9,公司中报点评：业绩不及预期，未来潜力较大,8604
08-28 17:42,002023,中国银河证券股份有限公司,推荐,2,明后年业绩将快速增长；受益军民融合、国防信息安全、通用航空,8680
08-28 14:43,002023,中国国际金融股份有限公司,确信买入,4,业绩低于预期，长期看好公司发展,7434
07-22 15:57,002023,华金证券有限责任公司,增持,13,定增劣力成长，高端芯片业务打造双轮驱动,55374
07-16 10:55,002023,中国银河证券股份有限公司,推荐,11,进军飞机拆解、飞机后市场；受益军民融合、国防信息安全、通用航空,14458
07-10 09:07,002023,中国银河证券股份有限公司,推荐,9,董事长增持显信心；受益军民深度融合、国防信息安全、通用航空三驱动,12441
06-15 09:52,002023,海通证券股份有限公司,,9,公司研究报告：同心多元布局，业务各有亮点,45297
05-27 08:31,002023,中国国际金融有限公司,确信买入,17,受益航空工业发展,16717
04-27 13:17,002023,中国银河证券股份有限公司,推荐,27,受益军民深度融合、国防信息安全、通用航空三驱动；明年业绩高增长,8469
04-23 08:48,002023,中国国际金融有限公司,推荐,8,一季报业绩低于预期，未来成长性良好,5177
04-07 07:28,002023,华创证券有限责任公司,推荐,4,携手中电科29所布局高端芯片制造，公司再添新增长点,13.8万
04-01 21:19,002023,国元证券股份有限公司,,11,航空产业布局进入收获期 军工芯片带来新期待,12639
03-26 14:51,002023,华创证券有限责任公司,推荐,7,公司业绩平稳增长，民航培训业务将带来新增长点,7708
03-25 15:02,002023,安信证券股份有限公司,买入,4,战略布局高端芯片，国家信息安全制高点,11907
03-25 14:45,002023,中国银河证券股份有限公司,推荐,0,占国防信息安全高端芯片 战略高地军民融合、混合所有制民企控股典范战略高地,5893
03-25 13:35,002023,中国国际金融有限公司,确信买入,9,三大航空主业齐飞,11522
03-24 09:08,002023,安信证券股份有限公司,买入,7,民参军推动，信息安全下高端芯片空间大,6659
03-02 20:32,002023,安信证券股份有限公司,买入,1,业绩符合预期，高端芯片进口替代空间大,9359
03-02 13:29,002023,中国银河证券股份有限公司,推荐,5,业绩快速增长；与中电科29所战略 合作将成混合所有制民企控股典范,7151
01-21 07:23,002023,中银国际证券有限责任公司,,11,全力推进航空机载设备维修、航空新技术研发、培训等主业发展,13201
01-15 13:28,002023,中国银河证券股份有限公司,推荐,11,与中电科29所战略合作、进军高端芯片领域；拟募资16.7亿发展主业,11121
01-15 11:38,002023,安信证券股份有限公司,买入,10,再融资夯实主业，战略合作提升核心技术,8907
01-15 08:09,002023,中国国际金融有限公司,推荐,1,深度布局航空工业，强化竞争优势,5815
11-17 10:10,002023,中航证券有限公司,买入,0,维修稳居龙头，研发铸就壁垒，培训拓展产能,7684
11-17 10:01,002023,中航证券,买入,1,业绩符合预期，多业务布局受益通航发展,6088
10-29 13:49,002023,安信证券股份有限公司,买入,1,Q3业绩快速增长 航空产业链更加完善,6802
10-29 09:35,002023,东兴证券股份有限公司,推荐,1,受益航空装备市场快速发展，公司利润大幅增长,4910
10-28 15:56,002023,中国国际金融有限公司,推荐,4,业绩符合预期，保持高速增长,7701
10-28 00:00,002023,中国银河证券股份有限公司,推荐,0,业绩符合预期；将进一步完善航空研制产业链；受益通用航空和民参军,39
10-23 14:08,002023,中国国际金融有限公司,推荐,7,航空制造驱动公司高速增长,7823
10-17 13:05,002023,中国银河证券股份有限公司,谨慎推荐,3,获大飞机整机大修资质，航空研制、维修、培训、租赁四大业务齐飞,7928
09-12 08:45,002023,中国银河证券股份有限公司,推荐,1,股权转让完成，董事长成实际控制人；将加快航空产业链战略布局,4988
08-25 10:10,002023,华创证券有限责任公司,推荐,2,业绩符合预期，受益通用航空发展,7407
08-20 14:24,002023,中国银河证券股份有限公司,推荐,7,业绩符合预期；受益民参军和通用航空；将进一步完善航空研制业务布局,5797
08-20 13:42,002023,广发证券股份有限公司,买入,9,中报业绩符合预期，公司预告1-9月业绩增30-50%,7877
08-19 17:20,002023,安信证券股份有限公司,买入,1,盈利持续上升 多业务加快布局,5443
03-01 10:14,300397,安信证券股份有限公司,买入,17,军民融合先锋，5G环形器&铁氧体龙头,49966
08-21 23:53,300397,长城证券股份有限公司,推荐,19,公司动态点评：军品订单逐步向好，公司迎来业绩拐点,15.9万
08-30 17:54,300397,长城证券股份有限公司,推荐,7,公司动态点评：布局多元化以军衍民，开拓民用广阔市场,97905
07-01 09:53,300397,海通证券股份有限公司,增持,23,公司研究报告：军工、民品两手抓两手都要硬,57691
06-29 20:12,300397,华创证券,,9,超材料领域前瞻性布局，公司打造持续业绩增长点,22250
10-24 14:51,300397,民生证券股份有限公司,谨慎推荐,33,公司产品呈多元化发展趋势,49441
08-19 15:01,002023,中信证券股份有限公司,买入,8,业绩如期增长，未来有望加速,8342
08-06 07:41,002023,中国银河证券股份有限公司,推荐,8,飞机租赁业务前景看好航空研制、维修、培训、租赁齐飞,7050
08-05 16:16,002023,安信证券股份有限公司,买入,8,战略布局航空产业链 低空开放及军民融合双轮驱动,8605
08-01 20:42,002023,中国银河证券股份有限公司,推荐,18,中报业绩增长41%符合预期且可持续 受益“民参军”和通用航空产业发展,8770
07-22 15:24,002023,中国银河证券股份有限公司,推荐,0,子公司获准开展融资租赁业务试点航空研制、维修、培训、租赁齐飞,5923
09-10 17:59,300397,民生证券股份有限公司,,4,产品多元化是公司未来发展必然趋势,19265
09-10 09:34,300397,东北证券股份有限公司,,12,领先的便携式防空导弹系统企业,47224
09-02 09:47,300397,中信建投,,3,防空作战指挥系统专家，军民领域潜力巨大,18333
08-29 17:53,300397,安信证券股份有限公司,,5,国内领先的便携式防空导弹指挥系统民营企业,27354
08-26 18:19,300397,东兴证券股份有限公司,,4,军事信息化投资加大，防空指挥控制系统龙头前景光明,32880
08-26 14:26,300397,广发证券股份有限公司,,2,立足防空指挥系统，延伸军民业务,22883
07-15 08:29,002023,中信证券股份有限公司,买入,2,搭建航空平台，业绩快速增长,4828
06-06 07:12,002023,中国银河证券股份有限公司,推荐,18,受益“民参军”和通用航空产业发展；业绩高增长可持续,7985
05-29 11:05,002023,民生证券股份有限公司,强烈推荐,22,万亿通航市场预期下，制造、维修、培训多线并行增长明确,9840
05-05 14:07,002023,中国银河证券股份有限公司,推荐,4,民营国防军工、通用航空产业龙头 航空制造、维修、培训、租赁齐飞,11828
04-22 16:10,002023,中国银河证券股份有限公司,推荐,0,业绩符合预期，快速增长具持续性；打造民营综合航空技术服务提供商,6264
03-18 10:30,002023,中航证券有限公司,买入,2,收益民参军，通航布局静待收获期,8057
03-14 14:48,002023,财达证券有限责任公司,买入,4,全面布局航空技术服务业，渐入收获期,5109
03-14 07:57,002023,山西证券股份有限公司,增持,3,看好长期稳健发展 短期面临解禁压力,6898
03-12 11:23,002023,天相投资顾问有限公司,增持,2,航空制造业务爆发性增长,7219
03-12 11:22,002023,西南证券,增持,0,阶段性完成战略布局，综合实力得以持续提升,4032
03-12 10:52,002023,广发证券股份有限公司,买入,0,略超预期，看好通航前景,3283
03-11 10:10,002023,中国银河证券股份有限公司,推荐,1,民营“综合航空技术服务提供商”；军品占比提升；未来受益通用航空,6035
03-05 14:07,002023,东方证券股份有限公司,买入,8,业绩高于预期,6332
02-28 10:06,002023,天相投资顾问有限公司,增持,2,归属母公司净利润同比增长56.7%,6907
02-27 15:11,002023,中国银河证券股份有限公司,推荐,0,业绩高增长；军品占比提升；未来受益通用航空大发展,4155
02-27 11:27,002023,安信证券股份有限公司,买入,2,Q4净利润大幅增长，业绩略超预期,6249
02-18 08:22,002023,,,0,航空培训与加拿大CAE战略合作；军品占比提升；受益通用航空大发展,4067
02-16 14:44,002023,东方证券股份有限公司,买入,0,动态跟踪：牵手CAE，推进国际化,5755
02-14 17:40,002023,中国银河证券股份有限公司,推荐,0,航空培训与加拿大CAE战略合作；军品占比提升；受益通用航空大发展,10601
12-06 11:11,002023,广发证券,买入,5,成长路径清晰，业绩加速增长,7067
11-29 07:41,002023,天相投资,增持,1,建天津航空综合服务基地， 华北地区再发力,3470
11-28 17:25,002023,天相投资,增持,2,建天津航空综合服务基地，华北地区再发力,6010
11-04 09:19,002023,航天证券,增持,3,开拓进取，持续受益于中国航空工业成长,5755
10-22 10:14,002023,万联证券,增持,0,航空制造板块发力 ，延续高增长,6871
10-21 14:28,002023,银河证券,推荐,0,航空装备研制进入批量化生产阶段军品占比将进一步提升,5930
08-22 16:58,002023,天相投资,增持,4,ECU量产，收入、利润大幅增长,7856
08-21 10:45,002023,银河证券,推荐,4,航空动力控制系统批量生产，直升机绞车获立项，军品占比将继续提升,5184
06-17 15:17,002023,银河证券,推荐,5,购直升机飞行模拟机强化培训业务 今明年业绩增长亮点仍看军品业务,6656
04-28 18:55,002023,光大证券,买入,0,通用航空大爆发助推公司业绩高增长,1682
04-28 10:44,002023,中国银河,推荐,0,综合毛利率快速上升 军品业务将进一步放量,2048
04-28 10:40,002023,招商证券,审慎推荐,0,内外生增长并存 快速增长可持续,1476
04-28 10:40,002023,国都证券,推荐,0,机载设备维修及航空培训带来业绩增长,2190
04-28 10:39,002023,东兴证券,推荐,0,近期看航空设备与航空培训快速增长，未来看通航革新公司主业,1632
04-28 10:39,002023,中国银河,推荐,0,航空发动机ECU放量，将发展直升机绞车等航空机载设备新业务,1660
04-28 10:37,002023,中国银河,推荐,0,直升机发动机ECU放量 军品占比将快速提升,1584
04-28 10:37,002023,光大证券,买入,0,最安全的军工股,2012
04-28 10:31,002023,国泰君安,中性,0,目前环境下难有突破，尚待通用航空的春天到来,1589
04-28 10:31,002023,东兴证券,推荐,0,航空培训和航空设备制造是亮点,1219
04-28 10:30,002023,东北证券,中性,0,航空维修增长乏力，多元发展值得期待,1304
04-28 10:18,002023,平安证券,推荐,0,增速低于预期 布局着眼长远,1356
04-28 10:18,002023,方正证券,买入,0,电调项目已有成效，航空培训延续良好势头,1782
04-28 10:08,002023,华泰证券,减持,0,万事俱备 还欠东风,1138
04-28 10:00,002023,方正证券,买入,0,三管齐下，公司将步入高成长轨道,1584
04-28 09:56,002023,方正证券,增持,0,业绩略低预期，航空培训项目初见成效,1473
04-26 06:47,300581,国海证券股份有限公司,买入,7,事件点评：军机采购加速需求释放，产品研发积蓄发展力量,14335
03-28 08:32,300581,华泰证券股份有限公司,增持,2,军机产业链核心配套民参军企业,14904
06-08 19:18,300581,国海证券股份有限公司,买入,4,动态点评：航空惯导发展稳健、发动机电子成长可期,49726
11-12 00:00,300581,天风证券,买入,0,惯导交付提速 航发电子和无人机或成利润增长点,162
11-07 07:52,300581,中航证券股份有限公司,持有,2,第三季报点评：三季度业绩逐步企稳关注军品订单确认情况,42695
10-27 09:10,300581,广发证券股份有限公司,谨慎增持,0,三季度交付提速，关注航空发动机电子系统,25548
10-26 11:28,300581,东兴证券股份有限公司,强烈推荐,0,2017三季度财报点评：整体企稳，看好新业务业绩兑现,18504
08-30 14:59,300581,东北证券股份有限公司,买入,4,下半年进入合同交付期，全年营收有望保持较快增长,39783
08-28 18:33,300581,广发证券股份有限公司,谨慎增持,6,半年度业绩同比下滑，看好长期发展,22697
05-09 18:43,300581,中航证券有限公司,持有,2,2016年年报点评：主营业务平稳增长 无人机将成公司发展新领域,43696
05-04 09:37,300581,招商证券股份有限公司,强烈推荐,4,整体业绩保持平稳，新业务潜力逐步释放,25654
05-02 14:11,300581,东兴证券股份有限公司,推荐,3,2016年报点评：航空惯导产品销售稳定，新研飞控计算机批产,23307
04-28 07:54,300581,东北证券股份有限公司,买入,4,激光惯导收入大幅提升，全年营收有望高增长,23087
04-27 20:01,300581,广发证券股份有限公司,谨慎增持,3,业绩稳步提升，发动机电子系统前景广阔,17433
04-25 10:28,300581,东北证券股份有限公司,买入,10,军用航空惯导及发动机双主业迎来向上拐点,22570
03-06 08:38,300581,华金证券股份有限公司,增持,11,航空发动机电子系统及无人机后起之秀,50080
01-16 00:00,300581,广发证券股份有限公司,,0,航空电子领域供应商,12550
01-12 00:00,300581,招商证券股份有限公司,强烈推荐,0,照进航空领域的“晨曦”,15165
04-30 15:13,002413,兴业证券股份有限公司,审慎增持,8,股权激励费用摊销影响业绩，看好公司军民业务成长空间,17688
04-25 20:02,002413,华泰证券,买入,6,管理能力提升，业绩有望加速增长,19640
04-23 13:24,002413,兴业证券股份有限公司,审慎增持,9,军民业务协同蕴藏巨大增长潜力 持续研发投入确保行业领先地位,11771
04-23 00:00,002413,中航证券有限公司,持有,1,公司2018年年报点评：深耕国防信息化业务，业绩稳健提高,9931
03-03 16:06,002413,兴业证券股份有限公司,审慎增持,8,雷科防务2018年业绩快报点评：营收持续高速增长，期间费用影响较大,11057
01-28 14:47,002413,华泰证券股份有限公司,买入,14,拟收购恒达微波，布局雷达产业链,40727
12-28 14:29,002413,华泰证券股份有限公司,增持,18,立足军工电子，雷达技术领先,39903
10-16 10:46,002413,兴业证券股份有限公司,审慎增持,2,国资入股深化合作关系 科技创新推动长期发展,11940
10-09 14:32,002413,兴业证券股份有限公司,审慎增持,11,“民参军”有望回归“国家队”,28538
07-25 18:47,002413,太平洋证券股份有限公司,买入,13,各项业务稳步推进，看好公司长期发展,70171
07-25 11:02,002413,兴业证券股份有限公司,审慎增持,8,业绩增长换挡加速 经营局面亮点纷呈期待军工信息化需求发力,22864
05-04 07:59,002413,兴业证券股份有限公司,审慎增持,3,军工信息化劲旅 羽翼渐丰成长加速,14316
01-29 08:17,002413,申万宏源证券有限公司,增持,11,大力度股票激励计划发布，优势民企参军信心彰显,46777
11-29 08:42,002413,东北证券股份有限公司,增持,5,积极布局军工信息化，高管增持彰显发展信心,46167
11-03 10:51,002413,申万宏源证券有限公司,增持,11,公司三季度业绩表现符合预期，看好公司优势民参军稀缺价值,25369
08-24 08:18,002413,申万宏源证券有限公司,增持,63,子公司并表带来上半年业绩大幅提升，新一轮并购完成进一步凸显优势民参军企业标杆地位,54363
05-22 18:05,002413,申万宏源证券有限公司,增持,22,现金收购布局雷达产业链，优势民参军企业不断彰显,52241
05-09 18:48,002413,中航证券有限公司,持有,8,2016年年报点评：子公司均超额完成业绩承诺 军工电子民参军优质标的,24993
05-04 11:05,002413,申万宏源证券有限公司,增持,17,一季报业绩符合预期，坚定看好公司成为优势民参军企业标杆,19824
04-27 08:31,002413,广发证券股份有限公司,买入,40,业绩符合预期，看好军工业务成长性及外延发展,22070
04-26 11:19,002413,申万宏源证券有限公司,增持,57,转型第一年业绩符合预期，优势民参军企业正在崛起,23853
03-24 00:00,002413,华创证券有限责任公司,推荐,0,针对子公司、中高层及核心员工实施限制性股票激励，建立更加稳固的利益共同体,1543
12-22 13:09,002413,申万宏源证券有限公司,增持,123,深耕雷达产业链，树立优势民参军企业标杆,62248
12-20 07:35,002413,申万宏源,增持,97,深度报告：深耕雷达产业链，树立优势民参军企业标杆,43634
09-09 16:01,002413,联讯证券股份有限公司,买入,50,持续外延并购，全力部署“军工电子信息化”大战略,78036
08-30 17:44,002413,东北证券股份有限公司,增持,54,三大业务并购完成，积极推进军民融合,49688
08-30 15:51,002413,长城证券股份有限公司,推荐,20,公司动态点评：全面转型军工电子，业绩增长迎来新春,32663
08-30 14:21,002413,广发证券股份有限公司,买入,35,业绩符合预期，看好军工信息化方向及外延发展,27132
08-30 00:00,002413,中航证券,持有,11,中报点评：新主营业务毛利率较高 未来将聚焦军工电子信息化,14450
06-23 14:03,002413,广发证券股份有限公司,买入,14,收购资产完成过户，外延并购再下一城,72794
05-03 08:50,002413,广发证券,买入,24,内生外延打造军工信息化民参军龙头,75310
04-13 10:45,002413,广发证券股份有限公司,买入,38,全面转型军工信息化，外延带来业绩快速增长,63864
04-11 09:38,002413,东北证券股份有限公司,增持,25,并购带来质变，军民融合打开发展空间,71871
02-01 16:11,002413,东北证券股份有限公司,增持,26,转型军工信息化，外延并购不断,83792
11-25 07:39,002413,安信证券股份有限公司,买入,22,电子信息化再下一城，“三剑”合并深化产业布局,41104
01-15 15:51,002413,安信证券股份有限公司,买入,27,军民融合新贵  转型军工信息化蓝海,29133
04-28 10:04,002413,国泰君安,中性,0,上游铜铝项目投产增厚毛利,3529
04-11 15:53,002933,太平洋证券股份有限公司,买入,13,拳头产品优势明显，科技创新成效显著,37277
04-11 15:40,002933,兴业证券股份有限公司,审慎增持,6,主营业务收入大幅增长，资产减值损失削弱利润弹性,15561
12-20 17:07,002933,国海证券股份有限公司,买入,10,动态点评：核心技术铸造优势，细分龙头扬帆起航,64047
08-15 10:56,002933,恒泰证券,,6,新股申购：新兴装备,14.2万
08-07 16:56,002933,东莞证券股份有限公司,,6,新股网下申购询价建议报告（新兴装备）,76209
08-07 16:13,002933,华鑫证券有限责任公司,,1,新股询价报告：新兴装备,67183
04-09 14:53,600391,国海证券股份有限公司,增持,21,事件点评：航发建设重要支撑，前景广阔业绩稳增,10.4万
10-31 14:03,600391,太平洋证券股份有限公司,增持,13,聚焦主业谋转型，两机专项助成长,80948
10-29 08:54,600391,中泰证券股份有限公司,增持,10,受益于发动机业务整合和重大专项投入 公司未来发展值得期待,12.9万
10-14 10:20,600391,齐鲁证券有限公司,买入,2,发动机公司成立箭在弦上 重大专项有望近期公布,40067
10-08 09:37,600391,中泰证券,买入,1,发动机资产整合加速 重大专项呼之欲出,22177
08-25 18:16,600391,招商证券股份有限公司,审慎推荐,2,中航哈轴释放增速，带动业绩提升,15792
08-24 13:47,600391,齐鲁证券有限公司,买入,0,内外贸业务发展均衡 子公司半年业绩亮眼,11350
08-24 10:57,600391,东北证券股份有限公司,增持,8,内贸业务符合预期，外贸业务持续增长,7609
07-15 13:44,600391,齐鲁证券有限公司,增持,7,不应忽视的航空发动机制造者,23258
07-14 09:00,600391,海通证券股份有限公司,买入,12,公司跟踪报告：战略轰炸机带来新投资机遇,52535
05-05 10:07,300424,华泰证券,买入,1,军品交付出现波折，2019年有望步入正轨,14272
04-26 08:35,300424,兴业证券股份有限公司,审慎增持,1,MMRO并表增厚营收 军品合同延迟影响利润释放,11403
02-28 08:23,300424,中信建投,买入,2,利润出现小幅下滑，航空维修业务协同效应将现,12010
12-25 15:35,300424,申万宏源证券有限公司,买入,11,国内机载设备维修与研制龙头，内生研发+海外并购助力业绩腾飞,22231
06-15 14:51,600391,中信建投证券,买入,13,政策+业绩预期差赋予高弹性，发动机板块最被低估标的,18282
06-01 18:31,600391,海通证券,买入,7,公司跟踪报告：航空发动机板块弹性最大品种，价值仍被低估,11272
05-13 08:29,600391,东北证券股份有限公司,增持,4,业务成长空间巨大 ，看好公司未来发展,13043
04-24 15:24,600391,海通证券,买入,12,生产经营饱满，再申坚定看好,10752
04-08 16:21,600391,招商证券股份有限公司,审慎推荐,9,内贸产品稳定增长，外贸需求空间巨大,11341
04-01 09:04,600391,海通证券股份有限公司,买入,6,业绩基本符合预期，坚定看好公司成长价值,72190
03-19 10:39,600391,海通证券股份有限公司,买入,14,航空产业大发展下被低估标的,14435
10-26 13:14,300424,兴业证券股份有限公司,审慎增持,0,MMRO并表影响整体毛利率 营收增长强劲静待利润释放,5704
08-29 14:48,300424,东北证券股份有限公司,买入,1,ATE和HUMS进入批量交付阶段，业绩高增长可期,16661
08-29 14:12,300424,光大证券股份有限公司,增持,1,2018年中报点评：业绩重新提速，ATE放量在即,13361
08-27 10:51,300424,兴业证券股份有限公司,审慎增持,2,民品海外并购实现跨越发展 军品批产列装力助业绩提升,9703
08-24 14:19,300424,中信建投,买入,1,航空维修业务高速增长，ATE新产品批量交付在即,11771
08-24 09:27,300424,华泰证券股份有限公司,买入,1,军品业务稳步推进，MMRO并表增厚业绩,10935
08-23 14:58,300424,方正证券股份有限公司,推荐,0,业绩高速增长，持续看好公司检测设备业务放量,9673
09-12 15:50,600391,海通证券股份有限公司,增持,7,哈轴拉动内贸增长，大订单保障外贸业绩,10016
07-21 17:52,600391,山西证券股份有限公司,增持,4,业绩平稳增长 关注哈轴和资产注入,12248
09-02 13:45,600391,广发证券,,5,12年业绩下滑，13年经营目标增长,9644
04-28 10:39,600391,华创证券,推荐,0,业绩低点已现，未来持续向好,5820
04-28 10:39,600391,西南证券,增持,0,整合完成，打造专业化发动机配件制造平台,5123
04-28 10:39,600391,招商证券,审慎推荐,0,业务结构调整 期待新品突破,5692
04-28 10:39,600391,华泰证券,增持,0,业绩低点已过，未来成长可期,4062
04-28 10:35,600391,招商证券,审慎推荐,0,主机业务结构调整 零部件走向专业化,5947
08-22 13:22,300424,华泰证券股份有限公司,买入,0,引入国开背景战投，谋求共赢发展,9364
07-30 08:27,300424,华泰证券股份有限公司,买入,2,航空维修并购落地，设备研制捷报频传,18198
07-12 16:27,300424,中信建投证券,买入,1,航空维修龙头军民并进，中报业绩预计大幅提升,18824
07-11 21:37,300424,国海证券股份有限公司,增持,3,深度报告：民航维修+军机设备双轮驱动，公司发展步入机遇期,39915
04-09 19:48,300424,中信建投,买入,1,实战化训练+国产替代双重受益标的，关注ATE、PHM进展,18613
04-04 00:00,300424,方正证券股份有限公司,推荐,0,公司业绩实现稳增，持续看好航空检测设备未来市场,5469
04-03 00:00,300424,兴业证券股份有限公司,审慎增持,0,海外并购助力跨越式发展 厚积薄发业绩再上新台阶,3973
03-28 10:44,300424,国海证券股份有限公司,增持,3,动态点评：优质民参军，ATE有望放量,23.3万
04-28 10:29,600391,华创证券,推荐,0,三季度降幅收窄，四季度有望反转,3550
04-28 10:00,600391,广发证券,买入,0,短期盈利业务结束带来11年业绩下降，拭目以待12年,5967
12-29 09:12,300424,东北证券股份有限公司,买入,2,内生和外延并举，将迎来业绩拐点,33827
11-01 09:12,300424,广发证券股份有限公司,谨慎增持,1,业绩小幅上升，看好ATE需求放量,23281
10-26 10:07,300424,东兴证券股份有限公司,强烈推荐,0,2017三季度财报点评：受益飞机后市场，直升机飞参系统龙头,19697
09-21 14:47,300424,光大证券股份有限公司,增持,8,深耕航空维修和机载的军民融合典范,29706
08-28 10:08,300424,广发证券股份有限公司,谨慎增持,9,业绩小幅上升，看好ATE引领成长,23700
07-12 15:52,300424,广发证券股份有限公司,谨慎增持,0,净利润小幅上升，看好ATE引领成长,14577
05-19 11:15,300424,广发证券股份有限公司,谨慎增持,5,盈利能力有所下滑，看好ATE引领成长,20028
04-28 22:28,300424,国海证券股份有限公司,中性,6,事件点评：盈利能力有所下滑，“民参军”业绩增长可期,20154
04-25 11:42,300424,东兴证券股份有限公司,推荐,2,2016年度财报点评：航空机载设备及服务龙头，关注新产品业绩兑现,14491
04-20 19:02,300424,太平洋证券股份有限公司,买入,6,机载设备综合保障龙头，募投项目前景广阔,16581
08-22 10:00,300424,安信证券股份有限公司,买入,4,维修业务下滑，军工电子和ATE将成亮点,41990
06-21 16:34,300424,安信证券股份有限公司,买入,11,民参军翘楚，航空维修、ATE、军工电子多轮驱动,35684
08-26 13:33,300424,兴业证券,买入,10,中报优异，继续看好公司向移动营销转型,29470
04-23 08:54,300424,东北证券股份有限公司,,13,受益于下游行业增长和专业化分工,24685
04-22 11:34,300424,华泰证券股份有限公司,,8,04月22日上市首日定价报告,22357
04-17 08:22,300424,上海申银万国证券研究所有限公司,,3,国内领先机载设备综合运营保障服务商，合理价格28-31.5元,16105
04-16 11:06,300424,财富证券,,8,国内领先的机载设备综合运营保障服务商,21666
04-16 08:34,300424,华创证券有限责任公司,,4,新股定价：募投项目强化机载设备维修能力，未来业绩增长可期,15469
04-14 15:59,300424,恒泰证券股份有限公司,,11,预计公司上市初期股价压力位为35元-42元,24283
04-14 14:54,300424,海通证券股份有限公司,,5,深耕航空机载维修与制造的民参军典范,8854
04-14 11:27,300424,华泰证券股份有限公司,,2,4月14日推荐申购,16923
04-07 16:00,300424,广发证券股份有限公司,,6,军民融合发展，打造机载设备综合运营保障服务商,22898
05-05 09:42,000768,申万宏源,买入,10,业绩符合预期，坚定看好公司推进国企改革步入高质量发展,16031
04-30 15:43,000768,天风证券股份有限公司,买入,4,产品交付推动业绩增长，民机蓝海机遇可期C919再进一城,18995
04-29 16:28,000768,浙商证券股份有限公司,买入,12,中航飞机一季报点评：军品交付稳定，利润改善明显,16841
04-29 15:08,000768,国海证券股份有限公司,增持,15,事件点评：交付上升驱动收入增长，多因素影响利润大增,16673
04-08 15:45,000768,申万宏源证券有限公司,买入,21,业绩稳健增长符合预期，关注精益管理推动公司经营质量改善,29873
03-25 21:00,000768,信达证券股份有限公司,增持,14,中航飞机年报点评：整体增长平稳、核心业务态势向好,29402
03-21 00:00,000768,长江证券股份有限公司,买入,7,长江军工|中航飞机：行稳致远，提质增效,14776
03-20 16:57,000768,国海证券股份有限公司,增持,15,事件点评：业绩快速增长，成长空间广阔,20966
03-20 15:24,000768,华泰证券股份有限公司,买入,1,期间费用改善，扣非净利润显著增长,16373
03-20 15:02,000768,东北证券股份有限公司,增持,12,归母净利润大幅增加，军民航空产品空间广阔,16929
03-20 14:01,000768,国海证券股份有限公司,增持,10,业绩快速增长，成长空间广阔,17452
03-19 19:33,000768,华创证券股份有限公司,强推,8,2018年年报点评：航空主业保持稳定增长，定价机制等改革有望不断释放公司潜力,21468
03-19 15:32,000768,东兴证券股份有限公司,强烈推荐,7,点评：超额完成计划，利润增速快于营收,20880
03-19 13:09,000768,开源证券股份有限公司,买入( Buy),24,2018年报业绩点评：国产大飞机唯一上市企业 急迫需求驱动成长 ,29528
03-19 10:53,000768,兴业证券股份有限公司,审慎增持,4,营业收入稳健增长 期间费用降低力助利润提升,13268
03-15 19:09,000768,东兴证券股份有限公司,强烈推荐,15,事件点评：波音坠机凸显国产大飞机安全性考量,28404
03-14 11:31,000768,东兴证券股份有限公司,强烈推荐,30,事件点评：波音坠机遭多国停飞，国产大飞机迎来机遇,34908
03-12 16:06,000768,东兴证券股份有限公司,强烈推荐,22,事件点评：波音连续坠机，市场呼唤国产大飞机,34310
02-18 14:22,000768,信达证券股份有限公司,增持,14,卓越推：中航飞机,31800
02-15 16:29,000768,国海证券股份有限公司,增持,4,动态点评：军民市场前景广阔，公司长期价值凸显,21419
02-11 11:06,000768,信达证券股份有限公司,增持,13,卓越推：中航飞机,20641
02-01 07:45,000768,长江证券股份有限公司,买入,7,短期持仓量下滑，仍然看好公司中长期基本面,10788
01-28 15:10,000768,信达证券,增持,16,卓越推：中航飞机,15189
01-21 13:25,000768,信达证券,增持,38,卓越推：中航飞机,40947
01-14 14:50,000768,信达证券,增持,13,卓越推：中航飞机,13920
01-07 13:14,000768,信达证券,增持,21,卓越推：中航飞机,18524
01-02 16:16,000768,信达证券股份有限公司,增持,13,卓越推：中航飞机,17625
12-17 13:34,000768,信达证券,增持,12,卓越推：中航飞机,12865
12-10 15:26,000768,信达证券股份有限公司,增持,21,卓越推：中航飞机,23028
12-03 19:00,000768,信达证券,增持,8,卓越推：中航飞机,19225
11-26 14:59,000768,信达证券股份有限公司,增持,3,卓越推：中航飞机,121万
11-19 15:29,000768,信达证券股份有限公司,增持,9,卓越推：中航飞机,126万
11-19 07:08,000768,国海证券股份有限公司,增持,6,事件点评：共同增资西飞民机，加速民机产业发展,44890
11-12 16:38,000768,信达证券股份有限公司,增持,9,卓越推：中航飞机,26.5万
11-02 16:54,000768,长江证券股份有限公司,买入,6,存货创历史新高，军品业务有望保持高景气度,77333
11-02 14:08,000768,中信建投,买入,3,归母净利大幅提升，全年稳增高度可期,88784
11-02 09:48,000768,天风证券股份有限公司,买入,6,三季度归母净利率大幅增加，公司进入持续增长轨道,85608
11-01 09:48,000768,东兴证券股份有限公司,强烈推荐,3,点评：三季度利润大幅增长，看好公司全年业绩,95895
10-30 16:29,000768,国海证券股份有限公司,增持,1,事件点评：业绩增势良好，运营管理强化,34902
10-30 13:56,000768,开源证券有限责任公司,买入( Buy),1,2018年三季报业绩点评：航空产品交付量提升 业绩保持高速增长,45965
10-30 10:23,000768,招商证券股份有限公司,强烈推荐,2,航空主业增长趋势确认，子公司增资助力民机发展,23175
09-14 13:29,000768,国海证券股份有限公司,增持,14,动态点评：战略产品支撑发展前景，定价改革有望提升盈利,32067
09-07 16:09,000768,东兴证券股份有限公司,强烈推荐,5,事件点评：中航飞机系列报告之一：我国大型军用运输机和轰炸机筑梦者,46764
09-05 13:53,000768,长江证券股份有限公司,买入,4,中报业绩快速增长，看好公司长期稳健发展,29250
09-03 21:18,000768,太平洋证券股份有限公司,买入,2,上半年业绩表现亮眼， 航空产品交付旺盛驱动长期发展,39990
08-30 22:01,000768,东兴证券股份有限公司,强烈推荐,6,点评：业绩增长符合预期，全年有望超额完成计划,23180
08-30 09:48,000768,中信建投,买入,6,运轰双机齐增长，军机龙头拟腾飞,24039
08-30 09:43,000768,中信建投,买入,4,营收净利大幅提升，全年业绩有望稳增,14967
08-29 14:01,000768,国海证券股份有限公司,增持,0,事件点评：业绩快速增长，大飞机前景广阔,13197
08-28 17:49,000768,申万宏源证券有限公司,买入,3,中报业绩符合预期，看好均衡交付牵引下H2业绩提升,13597
08-28 17:37,000768,信达证券股份有限公司,增持,4,收入利润高增长，大中型军用飞机龙头业绩持续向好,26978
08-28 17:13,000768,开源证券有限责任公司,买入( Buy),2,2018年半年报业绩点评：航空产品放量交付 全年业绩值得期待,21542
08-28 17:00,000768,华泰证券股份有限公司,买入,0,经营效率改善，航空订单交付旺盛,20020
04-27 14:55,000768,申万宏源证券有限公司,买入,4,一季度业绩略超预期，重申成长确定及定价改革下的投资机会,21564
04-27 09:28,000768,招商证券股份有限公司,强烈推荐,7,均衡生产带动一季度“开门红”！,20242
04-25 11:03,000768,光大证券股份有限公司,增持,10,首次覆盖报告：大飞机旗舰，价值显著低估,11.5万
04-20 13:27,000768,国海证券股份有限公司,增持,15,深度报告：大国崛起，鲲鹏展翅,40024
08-19 13:27,000768,中信证券股份有限公司,增持,18,业绩符合预期，未来三年基本面改善确定,14347
08-12 07:28,000768,海通证券股份有限公司,买入,0,新舟史上最大订单，支线飞机逐步获得国内客户认可,4832
08-06 11:38,000768,上海证券有限责任公司,减持,26,出口陷入低迷，幸福“雪中送炭”,10736
07-16 10:50,000768,海通证券股份有限公司,买入,0,订单量大带来前期投入增加，不影响全年业绩高速增长,5202
07-15 08:29,000768,中信证券股份有限公司,增持,0,交付影响短期业绩，基本面改善趋势不变,6643
06-20 14:30,000768,山西证券股份有限公司,买入,5,趋势已变 看好未来发展,14966
08-28 14:11,000768,兴业证券股份有限公司,审慎增持,0,均衡交付成果显著，军民业务空间广阔,16589
08-28 10:47,000768,方正证券股份有限公司,强烈推荐,1,中报业绩快速增长，看好战略军机平台长期发展,12527
08-28 10:36,000768,招商证券股份有限公司,强烈推荐,4,生产任务饱满印证下游需求旺盛，看好全年业绩增长,14021
08-27 19:25,000768,信达证券股份有限公司,增持,6,卓越推：中航飞机,19731
08-12 08:19,000768,华泰证券股份有限公司,买入,18,战略空军凭借力，轰运两翼铸国威,44302
08-07 15:16,000768,信达证券股份有限公司,增持,17,军工行业：中航飞机,50866
08-06 15:14,000768,信达证券,增持,25,卓越推：中航飞机,28462
04-16 11:19,000768,东兴证券股份有限公司,强烈推荐,2,点评：业绩扭亏为盈，主战装备采购或更为迫切,40511
04-16 11:14,000768,申万宏源,买入,3,一季报业绩扭亏，坚定看好公司未来增长前景,15137
04-16 09:22,000768,方正证券股份有限公司,强烈推荐,1,2018Q1业绩扭亏为盈，预计全年实现较快增长,5543
04-16 07:44,000768,中信建投,买入,8,报告主标题,38259
04-13 17:48,000768,申万宏源证券有限公司,买入,9,一季报业绩扭亏，坚定看好公司未来增长前景,30866
04-07 11:25,000768,申万宏源证券有限公司,买入,32,军品绩效新趋势，大飞机冲上云霄,61.2万
04-03 13:55,000768,国海证券股份有限公司,增持,3,事件点评：压制因素解除，战略价值凸显,33807
06-13 10:19,000768,上海证券有限责任公司,减持,21,民机业务扭转困局仍需等待,13190
04-07 17:19,000768,山西证券股份有限公司,增持,0,业绩增幅较大 期待新产品量产,9293
04-04 14:23,000768,西南证券,增持,3,飞机制造平台整合完成，发挥重组聚合效应,11078
04-04 13:05,000768,中信证券股份有限公司,,1,一张图看懂军工行业系列,11584
04-02 19:08,000768,上海证券有限责任公司,减持,0,军机持续增长，民机遭遇寒流,9378
04-02 16:56,000768,高华证券有限责任公司,卖出,11,业绩符合预期：利润率改善但回报仍偏低；卖出,9255
04-02 15:18,000768,中国银河证券股份有限公司,推荐,0,整合后盈利能力提升 未来增速有望持续较快,7877
04-02 11:43,000768,平安证券有限责任公司,推荐,1,跃跃欲试的国企改革潜行者,6999
07-30 14:10,000768,信达证券,增持,16,卓越推：中航飞机,48212
07-26 09:07,000768,信达证券股份有限公司,增持,12,中航飞机首次覆盖报告：我国唯一大中型军机平台，龙头地位具备长期投资价值,52339
07-17 08:47,000768,申万宏源证券有限公司,买入,5,中报业绩凸显增速提升，均衡交付牵引业绩释放,24843
07-16 16:02,000768,太平洋证券股份有限公司,买入,6,航空产品交付持续向好，公司业绩步入上升通道,21862
07-16 11:24,000768,联讯证券,买入,3,【联讯军工公司点评】中航飞机： 2018年中报持续靓丽，航空产品交付加速,18012
07-16 11:06,000768,光大证券股份有限公司,增持,3,2018H1业绩预告点评：均衡生产提升中期业绩，大飞机旗舰仍低估,18761
07-16 09:31,000768,方正证券股份有限公司,强烈推荐,4,中报业绩大幅超预期，战略军机平台加速腾飞,26697
04-03 09:20,000768,东兴证券股份有限公司,强烈推荐,8,减持数量低于计划，利空出尽，长期看好,44849
04-02 00:00,000768,方正证券股份有限公司,强烈推荐,0,减持利空出尽，继续看好公司基本面持续向上,704
03-20 17:17,000768,联讯证券股份有限公司,买入,6,2017年业绩符合预期，新一代战机逐渐发力,70570
03-20 17:00,000768,,,8,【联讯军工公司点评】中航飞机(000768)：2017年业绩符合预期，新一代战机逐渐发力,45722
03-19 18:05,000768,东兴证券股份有限公司,强烈推荐,19,年报点评：期间费用猛增或大有深意,62621
03-14 10:14,000768,广发证券股份有限公司,买入,15,17年归母净利润增长14%，业绩有望持续增长,114万
03-14 09:48,000768,招商证券股份有限公司,强烈推荐,9,业绩增长渐入佳境，前景广阔值得期待！,311万
02-18 09:12,000768,财达证券有限责任公司,买入,3,关于控股子公司增资的事件点评,10879
01-20 17:16,000768,财达证券有限责任公司,买入,6,关于控股股东重大事项的点评,10790
01-20 17:11,000768,,,1,关于控股股东重大事项的点评,20185
12-30 14:05,000768,海通证券股份有限公司,增持,9,军品有保障，民品待放量,7102
11-13 11:35,000768,国海证券,增持,5,业绩符合预期，全年将稳定增长,10885
10-10 11:13,000768,上海证券,减持,5,民机系列化发展，新舟家族日渐兴旺,8642
08-28 15:52,000768,上海证券,减持,12,业绩表现继续受盈利能力赢弱的掣肘,12212
07-23 08:48,000768,上海证券,减持,53,“成长模式”重启受盈利能力拖曳,10829
07-16 09:28,000768,长江证券股份有限公司,买入,2,半年业绩大幅提升，全年订单增长或超市场预期,12838
07-13 19:46,000768,联讯证券股份有限公司,买入,6,2018年中报持续靓丽，航空产品交付加速,47678
07-13 18:56,000768,国海证券股份有限公司,增持,2,事件点评：交付促进业绩增长，战略地位支撑发展前景,21276
07-13 10:58,000768,天风证券股份有限公司,买入,11,净利润望增51%-96%，航空产品放量再延续！,28160
07-13 09:45,000768,招商证券股份有限公司,强烈推荐,4,均衡生产成效显现，需求旺盛全年业绩可期！,15966
07-03 09:06,000768,东北证券股份有限公司,买入,2,军民两端需求广阔，盈利能力有望持续改善,40032
06-26 10:13,000768,国泰君安证券股份有限公司,增持,8,首次覆盖报告：鲲鹏万里飞，军民齐添翼,61778
03-20 07:37,600862,兴业证券股份有限公司,审慎增持,1,有序退出房地产业务，新材料和机床业务加速成长,11926
01-21 08:06,600862,兴业证券股份有限公司,审慎增持,8,预告利润大幅增长，复材业务增速可观,8925
11-28 15:12,600862,国海证券股份有限公司,增持,25,动态点评：航空复材龙头，受益装备建设和国企改革,90707
08-28 10:37,600862,广发证券股份有限公司,谨慎增持,4,净利润增长，看好航空复合材料业务发展,79028
03-17 09:52,600862,广发证券股份有限公司,谨慎增持,15,业绩有所下滑，航空复合材料成长空间大,60034
08-22 14:47,600862,招商证券股份有限公司,审慎推荐,7,新材料业务发展势头良好，机床业务仍处于调整期,50163
08-22 11:22,600862,西南证券股份有限公司,增持,9,长期看好的航空复合材料标的,53144
04-18 17:20,600862,西南证券股份有限公司,买入,22,成长中的航空复合材料标的,89662
03-14 07:33,000768,国海证券股份有限公司,增持,5,事件点评：军民双轮驱动，期待破茧成蝶,104万
11-13 14:48,000768,华金证券股份有限公司,增持,16,前三季度增长稳健，持续受益空军建设提速,73230
08-31 14:17,000768,国海证券股份有限公司,增持,14,动态点评：军民融合推动业务增长，精益降本促进管理增效,59685
08-24 10:37,000768,东兴证券股份有限公司,强烈推荐,12,2017半年度财报点评：军民整机生产平台，关注运20放量,54320
08-23 18:28,000768,广发证券股份有限公司,买入,14,上半年净利润增长14%，长期受益于运输机与C919项目,48701
08-22 15:49,000768,开源证券股份有限公司,买入( Buy),23,2017年中报业绩点评：航空产品持续增长 民机放量助力成长,39065
03-17 09:56,000768,广发证券股份有限公司,买入,11,军民航空业务稳步推进，公司业绩持续增长,80094
06-14 16:48,000768,光大证券,买入,17,新舟60事故原因仍需调查 对飞机应有足够的信心,14525
06-07 09:42,000768,光大证券,买入,0,舰载预警机首飞成功 中航飞机将长期受益,3651
06-04 07:56,000768,光大证券,买入,0,水轰5失事凸显换装急迫 中航飞机将大显身手,5249
05-31 13:17,000768,光大证券,买入,0,飞机龙头王者归来,3022
04-28 10:43,000768,国海证券,增持,0,一季度业绩波动不影响全年高速增长,4855
04-28 10:43,000768,华泰证券,增持,0,业绩符合预期，净利率水平存改善空间,2840
04-28 10:36,000768,西南证券,增持,0,完成产业收购整合，未来新型号潜力巨大,5094
04-28 10:34,000768,华泰证券,增持,0,业绩符合预期，运-8反潜机值得期待,2788
05-14 08:14,000768,长江证券股份有限公司,买入,22,铸就战略空军新时代，推动民用航空新征程,11.4万
05-04 08:10,000768,兴业证券股份有限公司,审慎增持,15,营收增长强劲空间广阔，改革驱动利润提升预期,16723
05-02 18:41,000768,安信证券股份有限公司,买入,6,一季报归母净同比增长130.76%，高存货为新机型量产做准备,41250
05-02 10:39,000768,天风证券股份有限公司,买入,3,一季度营收增速创新高，将进入持续增长轨道,35073
05-02 07:32,000768,国海证券股份有限公司,增持,1,事件点评：精益管理保交付，需求释放促增长,27780
09-18 09:39,600862,中信建投证券,买入,26,航空新材料和航空专用设备整合平台,28495
04-28 09:57,600862,中信建投,增持,1,机床业务亏损减少,6721
07-22 00:00,600862,国金证券,买入,0,有望大手笔介入保障房开发,3103
03-15 18:02,000768,太平洋证券股份有限公司,买入,16,运-20正式列装服役，业绩拐点渐行渐近,61446
03-14 20:49,000768,长城证券股份有限公司,强烈推荐,23,公司动态点评：大运量产，飞机旗舰,50164
03-14 16:21,000768,开源证券有限责任公司,买入,18,2016年报业绩点评：航空产品稳步增长 新机型批产值得期待,30715
03-14 10:57,000768,东兴证券股份有限公司,强烈推荐,9,年报点评：业绩符合预期，关注大飞机放量,31468
12-02 15:56,000768,东兴证券股份有限公司,强烈推荐,7,调研简报：增长还看“大运”,36407
11-08 13:20,000768,招商证券股份有限公司,强烈推荐,9,前三季业绩同比大增，看好公司长期发展,76556
10-27 20:05,000768,广发证券股份有限公司,买入,12,业绩扭亏为盈，运20服役带来拐点,43649
04-28 10:34,000768,华泰证券,增持,0,运-20首飞成功，长期利好中航飞机发展,5128
04-28 10:34,000768,光大证券,买入,0,“鲲鹏”运20成功首飞 中航飞机从此大不同,3332
04-28 10:32,000768,银河证券,谨慎推荐,0,板块整合完成 即将更名中航飞机,5213
04-28 10:30,000768,中国银河,谨慎推荐,0,资产收购完成 经营业绩提升,2772
04-28 10:29,000768,华泰证券,增持,0,业绩企稳回升，未来值得期待,4734
04-28 10:29,000768,中原证券,观望,0,期待成熟的国产支线飞机,2549
04-28 10:28,000768,国海证券,增持,0,全年业绩高速增长，关注大周期拐点带来的长期投资机遇,4054
04-28 10:19,000768,华泰证券,增持,0,资产收购后值得期待,2747
08-12 11:24,300159,西南证券,买入,0,借力行业东风，高增长确实,5349
08-09 17:00,300159,银河证券,推荐,0,玉米机销售形势乐观 全年业绩将实现高增长,3516
08-09 15:30,300159,光大证券,买入,0,基本面反转在即，转型中的综合型农机巨头,5147
08-09 14:24,300159,安信证券,买入,0,中期业绩符合预期,3221
08-09 11:08,300159,国泰君安证券,增持,0,质量改进助力份额提升 技术创新助力盈利提升,4599
08-23 14:20,000768,广发证券股份有限公司,买入,16,业绩扭亏为盈，运20服役带来业绩拐点,47442
08-23 09:34,000768,招商证券股份有限公司,强烈推荐,14,航空产品交付大增助公司业绩翻转，大飞机产业龙,43613
07-13 15:10,000768,海通证券股份有限公司,,10,公司公告点评：飞机产业渐入业绩兑现期,34326
07-13 13:43,000768,招商证券股份有限公司,强烈推荐,5,半年业绩预报扭亏，全年业绩可期,51311
04-22 11:17,000768,海通证券股份有限公司,买入,13,公司跟踪报告：旗舰起飞仍值得期待,33600
04-18 17:30,000768,广发证券股份有限公司,买入,26,运20临近服役将带来业绩弹性,65119
04-01 18:43,000768,华融证券股份有限公司,推荐,4,新型号开始贡献增量，期待盈利能力提升,62532
04-28 10:16,000768,方正证券,中性,0,业绩有所上升，产品空档期窘境仍在,3631
04-28 09:56,000768,上海证券,中性,0,业绩遭遇低点，改观有待新品,2350
04-28 09:56,000768,广发证券,持有,0,11年业绩大幅下滑，12年可能将有所恢复,2366
04-28 09:56,000768,北京高华,卖出,0,业绩符合预期：产品周期空档影响回报；卖出,2402
04-28 09:51,000768,上海证券,中性,0,关键审核获绿灯，ARJ批产上轨道,2801
01-31 00:00,000768,国海证券,,0,运-20首飞成功，关注新机型带来的长期投资机遇,245
10-13 00:00,000768,中国建银投资证券有限责任公司,推荐,0,新舟600首飞成功，建立支线飞机产品系列,3353
08-02 13:41,300159,西南证券,买入,2,玉米收行业和公司销售情况不错,5209
07-15 09:33,300159,上海证券,谨慎增持,1,主营业务市场空间大，产销有望提速,6204
07-09 15:32,300159,光大证券,买入,2,玉米机再火三年，旧貌换新颜,4754
07-09 13:32,300159,银河证券,推荐,1,中报业绩略低于预期 维持全年盈利预测不变,5672
06-17 13:41,300159,国泰君安证券,增持,0,玉米机反馈超预期 其他产品拓展有亮点,4337
05-03 09:01,300159,国都证券,推荐,0,玉米机行业预计将延续高增长，公司作为领先竞争者受益,3528
04-28 18:55,300159,民生证券,强烈推荐,0,动力耙领跑，玉米收获机接力实现13年高增长,2540
03-30 11:01,000768,招商证券股份有限公司,强烈推荐,18,业绩符合预期，军民机两大体系共发展,43028
03-30 00:00,000768,上海申银万国证券研究所有限公司,增持,0,航空飞机产业航母，受益于C919和运-20项目,1567
11-02 10:39,000768,招商证券股份有限公司,强烈推荐,11,交付航空产品结构变化导致利润下滑，预计全年维持增长,32965
10-28 08:31,000768,中信证券股份有限公司,买入,9,2015年三季报点评：关注C919总装下线主题投资机会,13348
10-28 08:16,000768,上海申银万国证券研究所有限公司,增持,11,飞机制造龙头，受益于C919项目,15799
10-27 09:07,000768,东北证券股份有限公司,买入,13,战略空军助力鲲鹏远行,18938
10-12 16:35,000768,华融证券股份有限公司,推荐,19,研究报告：新产品周期到来，大飞机前景广阔,22155
04-28 10:45,300159,国泰君安,增持,0,管理团队注入新鲜血液 将产生三大变革,4271
04-28 10:45,300159,中金公司,审慎推荐,0,新研股份一季度业绩符合预期,2358
04-28 10:45,300159,华泰证券,增持,0,期待玉米收获机的爆发,3707
04-28 10:45,300159,CICC,审慎推荐,0,一季度业绩符合预期,2436
04-28 10:45,300159,宏源证券,买入,0,翻开13年新篇章，期待惊喜！,3658
04-28 10:42,300159,CICC,审慎推荐,0,期待2013整装待发,2226
04-28 10:41,300159,宏源证券,买入,0,放开步伐，13年业绩值得期待,3568
04-24 13:49,000738,中泰证券股份有限公司,买入,5,聚焦航发控制稳增长，开拓国际业务新动能,22248
03-28 15:09,000738,国海证券股份有限公司,增持,4,动态点评：收入增长成本管控，业绩实现快速增长,25107
03-27 07:44,000738,兴业证券股份有限公司,审慎增持,2,航发产业持续向好，公司业绩稳中有增,11912
03-26 00:00,000738,中航证券,持有,3,公司2018年年报点评：聚焦动力控制主业，提升经营管理效益,13367
10-25 17:06,000738,中信建投,买入,3,产品步入批量交付，动控主业持续聚焦,41089
10-25 09:31,000738,国海证券股份有限公司,增持,2,事件点评：强化生产管理，业绩快速增长,21263
09-17 16:49,000768,东北证券,买入,14,鲲鹏振翅飞，翔凤紧相随,14575
09-02 13:12,000768,安信证券股份有限公司,买入,54,军民齐头共进，运输机、大飞机、轰炸机助力腾飞,24168
08-30 10:05,000768,华创证券,推荐,3,营收稳步增长，航空龙头蓄势待发,79978
08-27 14:21,000768,招商证券股份有限公司,强烈推荐,27,规模稳定增长，战略空军装备蓄势待发,16359
08-26 17:41,000768,中信证券股份有限公司,买入,34,2015年中报点评：中报符合预期，全年业绩有望大幅增长,88914
08-26 10:05,000768,上海申银万国证券研究所有限公司,增持,54,飞机制造龙头企业，新舟700市场启动,22818
08-21 08:46,000768,财富证券有限责任公司,谨慎推荐,29,中航系5公司联合增资，新舟客机获订单,17019
04-28 10:41,300159,中投证券,强烈推荐,0,内外兼修初显成效，13年有望驶入快车道,2605
04-28 10:41,300159,东莞证券,中性,0,全年增速远低于行业水平，后续成长性堪忧,3595
04-28 10:40,300159,银河证券,推荐,0,受益农业现代化：高端农机行业龙头将驶入高增长轨道,2235
04-28 10:40,300159,国泰君安,增持,0,调整之后重新启航,3325
04-28 10:40,300159,光大证券,买入,0,东北市场爆发，采棉机即将起步,2572
04-28 10:39,300159,民生证券,强烈推荐,0,业绩略低于预期，13年有望回归高增长,3465
04-28 10:38,300159,光大证券,买入,0,信用担保对冲潜在政策风险，冲刺2013高增长,2270
10-24 13:19,000738,中泰证券股份有限公司,买入,1,公司营收小幅下滑，背靠航发前景广阔,14851
08-24 15:23,000738,太平洋证券股份有限公司,买入,3,盈利能力稳步提升，两机专项助力成长,19744
08-23 19:39,000738,国海证券股份有限公司,增持,6,事件点评：生产效率提升，发展前景向好,21401
08-23 09:00,000738,中泰证券股份有限公司,买入,3,背靠航发良机营收稳步增长，推进成本工程毛利显著提升,21465
06-27 08:56,000738,国海证券股份有限公司,增持,4,动态点评：航空发动机核心组成，受益产业快速发展,49720
05-25 16:21,000738,国海证券股份有限公司,增持,7,调研简报：实力提升需求释放，核心地位支撑广阔前景,39782
04-03 08:25,000738,中泰证券股份有限公司,买入,3,背靠航发迎良机，业绩稳中有升,30.7万
04-03 00:00,000738,兴业证券股份有限公司,审慎增持,0,盈利水平快速提升，航空军品稳中有增,1178
08-25 08:43,000738,中泰证券股份有限公司,增持,7,聚焦航发控制稳增长，背靠中国航发迎良机,76767
07-27 16:31,000768,中信建投,买入,22,鹏程万里，军用大飞机王者蓄势待发,25162
07-21 10:09,000768,海通证券股份有限公司,买入,8,公司跟踪报告：增持彰显信心，看好长远发展,20501
06-12 08:59,000768,国金证券,买入,40,远程战略轰炸机开启新篇章,57684
06-01 10:26,000768,中信证券股份有限公司,增持,27,重大事项点评：非公开增发过会，“中国波音”在路上,16.5万
05-25 10:45,000768,方正证券股份有限公司,推荐,27,公司投资价值分析报告：脚踏军民订单沃土，携大运起飞,31391
05-12 08:31,000768,中信建投证券股份有限公司,买入,20,短期波折难阻上升趋势，军民并进打开成长空间,72414
04-30 11:12,000768,上海证券有限责任公司,减持,84,未见开门红，警惕股来疯,38882
04-28 10:38,300159,国泰君安,增持,0,推出买方信用 市场份额有上升空间,2962
04-28 10:36,300159,光大证券,买入,0,2013，轻装上阵蓄势待发,2189
04-28 10:36,300159,民生证券,强烈推荐,0,业绩符合预期，管理改善13年轻装上阵,1799
04-28 10:36,300159,宏源证券,买入,0,内外兼修，13年期待点很多,2050
04-28 10:34,300159,湘财证券,中性,0,新研股份业绩低于预期,1948
04-28 10:34,300159,民生证券,强烈推荐,0,业绩稍低预期，管理改善13年值得期待,1789
04-28 10:32,300159,民生证券,强烈推荐,0,农业机械将受益农业生产经营方式变革,1995
08-23 18:05,000738,广发证券股份有限公司,买入,6,实际控制人变更完成，发动机控制业务稳健发展,50627
08-23 10:58,000738,太平洋证券股份有限公司,增持,15,受益两机专项扶持，未来发展前景广阔,36094
03-28 15:47,000738,广发证券股份有限公司,买入,18,聚焦航空发动机控制系统，推动国产发动机发展,63352
10-23 13:57,000738,东北证券股份有限公司,增持,15,航空发动机大脑，静待两机专项扶持,94444
03-31 08:29,000738,海通证券股份有限公司,增持,7,军民品业务双轮驱动，关注重大专项及院所改制,30993
08-22 09:03,000738,西南证券,增持,2,净利润持续增长，努力开拓新市场,11596
05-04 17:08,000738,天相投资顾问有限公司,增持,2,一季度净利润增长13%，募投项目已经启动,10251
05-04 16:52,000738,天相投资顾问有限公司,增持,7,主业稳步发展，募投项目将提升盈利能力,11391
11-04 10:01,000738,航天证券,增持,3,稳定增长，打造动力控制系统一体化产业体系,8721
04-08 13:09,000768,上海证券有限责任公司,减持,125,撞“大运”也无法支撑市梦率,53903
04-01 15:59,000768,华创证券有限责任公司,推荐,20,军民双翼，大飞机大运带动公司腾飞,26042
04-01 09:07,000768,上海申银万国证券研究所有限公司,增持,18,打造军民融合型两大飞机产业体系，公司未来前景广阔,25696
01-28 15:36,000768,东兴证券股份有限公司,强烈推荐,47,成熟机型提供安全边际，新机型带来业绩增量,43475
01-16 15:39,000768,海通证券股份有限公司,买入,39,中华飞机旗舰，怎一个“大”字了得,42209
12-22 07:54,000768,上海证券有限责任公司,减持,65,各项业务如期发展，估值泡沫极度吹升,34907
10-28 19:30,000768,海通证券股份有限公司,买入,11,三季度交付大幅提速，全年业绩将高速增长,22142
04-28 10:32,300159,安信证券股份有限公司,买入,0,行业景气延续，来年“收成”有望,1983
04-28 10:31,300159,宏源证券,买入,0,新周期行业的明星企业,1965
04-28 10:31,300159,民生证券,强烈推荐,0,农业现代化历史机遇，管理改善迎来业绩拐点,1818
04-28 10:31,300159,安信证券,买入,0,稳步发展，业绩低于预期,1975
04-28 10:30,300159,中投证券,强烈推荐,0,12年业绩基本锁定，13年有望回归高增长,1952
04-28 10:29,300159,华泰证券,增持,0,放慢步伐，夯实基础,1904
04-28 10:27,300159,宏源证券,买入,0,内外兼修，期待明年业绩释放,1928
08-29 10:07,000738,航天证券,增持,6,主业优势突出，各项业务稳步推进,10880
07-30 10:48,000738,东兴证券,推荐,6,内生外延迅速增长，期待研究所资产注入,10231
06-05 07:29,000738,国海证券,增持,1,即将受益航空发动机大发展，长期发展空间巨大,8886
04-28 10:33,000738,东方证券,买入,1,增发增强公司民品产业化能力,3920
04-28 10:20,000738,东兴证券,推荐,0,军民结合，互通互惠,6926
04-28 10:18,000738,东方证券,买入,0,发动机控制主业稳定增长 关注重大专项和研究所改制,4167
04-28 10:17,000738,安信证券,买入,0,发动机重大专项受益巨大、研究所资产注入值得期待,8856
04-28 10:12,000738,东方证券,买入,0,发动机控制从机械向数字化跨越 募投项目加速民品产业化进程,3660
04-28 10:08,000738,兴业证券,增持,1,墙内开花墙外香,6350
10-28 15:21,000768,中信证券股份有限公司,增持,21,三季度交付加速，全年将平稳增长,52490
10-20 15:45,000768,招商证券股份有限公司,强烈推荐,10,募资建设民机产能，利于军民机双线发展,11547
10-20 09:09,000768,中信建投证券,买入,1,增发投向民品，意在寓军于民,7805
10-20 08:00,000768,海通证券股份有限公司,买入,1,定向增发全面扩张产能，飞机龙头百尺竿头再进一步,8772
10-17 15:05,000768,上海申银万国证券研究所有限公司,买入,11,增发弥补短板，维持买入评级！,16.3万
10-17 15:05,000768,中信证券股份有限公司,增持,11,增发助推中国“波音”加速腾飞,10.4万
10-13 14:01,000768,海通证券股份有限公司,买入,24,与赛峰合作增强技术实力，为C919配套能力将进一步提升,16601
04-28 10:24,300159,宏源证券,买入,0,内外兼修，看好未来业绩！,1841
04-28 10:15,300159,平安证券,推荐,0,行业产销齐增，保障公司增长,1897
04-28 10:15,300159,世纪证券,买入,0,稳健经营，期待厚积薄发,1792
04-28 10:15,300159,湘财证券,增持,0,公司上半年业绩依然稳健,1894
04-28 10:15,300159,华泰证券,增持,0,期待调整后的前行,1798
04-28 10:15,300159,中金公司,审慎推荐,0,控量提质，蕴育新希望,1737
04-28 10:15,300159,宏源证券,买入,0,下半年业绩转好，估值具吸引力,1821
04-28 10:05,000738,方正证券,无,1,航空防务业务稳步增长，新能源及汽车业务有望成为新的增长点,4120
09-25 18:04,000768,招商证券股份有限公司,强烈推荐,13,C919吹响总装号角，军民机业务协同快速发展,12826
09-09 17:02,000768,中信建投证券,买入,19,鲲鹏展翅，海阔天空,14172
09-01 14:53,000768,海通证券股份有限公司,买入,19,C919中机身交付，公司将成为大飞机产业领军旗舰,25161
08-28 17:12,000768,海通证券股份有限公司,买入,23,新舟获海外最大订单，客户认可度进一步提高,13248
08-24 09:47,000768,上海证券有限责任公司,减持,0,产品交付进度未达标，盈利能力问题仍待,7061
08-21 09:22,000768,山西证券股份有限公司,买入,1,短期业绩下滑不改长期向好趋势,5295
04-28 10:15,300159,安信证券,买入,0,三季度销量将再担全年重任,2230
04-28 10:14,300159,光大证券,买入,0,玉米机开始发货 下半年增长延续,1771
04-28 10:10,300159,国都证券,强烈推荐,0,积极扩张带来高增长预期，公司估值具备吸引力,1747
04-28 10:08,300159,华泰联合,增持,0,产能扩张并拓展中亚市场,1834
04-28 10:08,300159,光大证券,买入,0,新项目起步，新增长启程,1662
04-28 10:07,300159,安信证券,买入,0,产能扩充适应市场需求,1702
04-28 10:07,300159,宏源证券,买入,0,农机产销两旺，业绩高增长持续,1753
04-28 10:07,300159,安信证券,买入,0,设立进军中亚五国农机市场的桥头堡,1746
04-28 10:07,300159,世纪证券,买入,0,业绩符合预期，期待后续主导产品表现,1751
04-28 10:03,300159,华泰联合,增持,0,质量控制将提升公司竞争优势,1773
04-28 10:02,300159,中金公司,审慎推荐,0,任命质量总监，打造“品质新研”,1566
04-28 10:02,300159,华泰联合,增持,0,冉冉升起的农机之星,1806
04-28 09:57,300159,方正证券,增持,0,短期看疆外市场拓展，长期看辣椒机与采棉机放量,1695
04-28 09:57,300159,光大证券,买入,0,农机之光 引领成长,1783
04-28 09:55,300159,中信证券,买入,0,"业绩优良,前景可期",1634
04-28 09:55,300159,安信证券,买入,0,业绩高于预期，2012年稳步发展,1612
04-28 09:55,300159,方正证券,增持,0,主业保持高位增幅，疆外市场开拓和新产品为未来增长引擎,1610
04-28 09:55,300159,世纪证券,买入,0,疆外市场快速增长，新产品前景广阔,1634
04-28 09:55,300159,宏源证券,买入,0,行业空间广阔，公司增长点层递,1644
04-28 09:54,300159,中金公司,审慎推荐,0,“新市场、新产品、新动作”,1479
04-28 09:53,300159,方正证券,增持,0,玉米收获机械产销两旺，新产品蓄势待发,1523
04-28 09:17,300159,中信证券,买入,0,中国高端农机的领跑者,1706
08-12 00:00,300159,长城证券,强烈推荐,0,疆外市场提速 费用上升显著,272
08-11 00:00,300159,招商证券,审慎推荐,0,从区域龙头到细分市场龙头,246
07-12 00:00,300159,长城证券,强烈推荐,0,开疆拓土 谋划中原,362
04-28 18:55,600372,中信建投,买入,0,军品交付节奏影响一季度业绩，预计全年目标仍可如期实现,3320
04-28 10:42,600372,山西证券,增持,0,产品结构优化带来营收稳步增长,3913
04-28 10:41,600372,中信建投证券,买入,0,内生加速，外延可期,3195
04-28 10:41,600372,招商证券,强烈推荐,0,订单饱满保证增长 外延扩张打造龙头,3928
04-28 10:39,600372,银河证券,推荐,0,整合见成效 2013年将加速增长,3060
04-28 10:39,600372,广发证券,买入,0,业绩符合预期，13年业绩目标快速增长,3617
04-28 10:35,600372,光大证券,买入,0,军工第二波 中航电子腾飞在即,3562
04-28 10:34,600372,光大证券,买入,0,军工第二波 首推372,4000
04-28 10:32,600372,银河证券,推荐,0,将收购资产 预计增厚明年业绩,3089
04-28 10:32,600372,中信建投,增持,0,拟购三公司股权，业绩增厚明显,3473
04-28 10:30,600372,银河证券,推荐,0,业绩增速将加快 资产整合仍可期,3061
04-28 10:29,600372,银河证券,推荐,0,3季度业绩略低于预期 投资机会在于资产整合,3635
04-28 10:26,600372,平安证券,强烈推荐,0,定增低调收官 期待后续整合有序推进,3355
04-28 10:23,600372,银河证券,推荐,0,大股东增持 提升预期和信心,3498
04-28 10:22,600372,华泰证券,增持,0,业绩符合预期，分享“大飞机”产业盛宴,3358
04-28 10:21,600372,银河证券,推荐,0,业绩持续增长 整体上市预期明确,3589
04-28 10:21,600372,方正证券,无,0,非航业务看点较多，未来仍有较大资本运作空间,3056
04-28 10:12,600372,银河证券,推荐,0,增发在即 优质资产注入可期市场波动带来投资良机,3497
04-28 10:11,600372,安信证券,买入,0,航电迅猛发展，资产注入可期,3347
04-28 10:09,600372,华宝证券,买入,0,准备起飞,2613
04-28 10:08,600372,平安证券,强烈推荐,0,民品发展超预期 部分军品进入快速增长阶段,3398
04-28 10:07,600372,国盛证券,增持,0,军品优势明显 通用航空是未来看点,3849
04-28 09:58,600372,银河证券,推荐,0,航电产品升级推动业绩增长 产业整合预期提升投资价值,2883
04-28 09:53,600372,平安证券,强烈推荐,0,业绩符合预期 2012年值得期待,3753
10-11 00:00,600372,国金证券,增持,0,中国“霍尼韦尔”的成长之路,1176
04-25 00:00,600372,平安证券,强烈推荐,0,军品结算方式影响一季度增长 全年增速看四季度,506
12-13 00:00,600372,平安证券,强烈推荐,0,定增取得重要进展 持续整合值得期待,803
04-02 14:19,600316,东兴证券,强烈推荐,13,事件点评：洪都航空系列报告之四：“机弹一体”或助L15再现K8出口辉煌,29637
03-22 20:28,600316,东兴证券股份有限公司,强烈推荐,15,事件点评：L15高教机首飞13周年之展望和预测,25379
03-03 13:48,600316,东兴证券股份有限公司,强烈推荐,7,点评：初教六通航市场空间达百亿,24528
03-01 00:00,600316,东兴证券股份有限公司,强烈推荐,2,点评：初教六市场容量或达3万架,12750
02-22 14:12,600316,东兴证券股份有限公司,强烈推荐,10,洪都航空系列报告之二：L15空军批量采购高峰或到来,28736
02-19 18:54,600316,东兴证券股份有限公司,强烈推荐,15,事件点评：洪都航空系列报告之一：峰回路转初教六适航取证开辟洪都新天地,28891
11-21 11:20,600316,东兴证券股份有限公司,推荐,13,事件点评：前度刘郎今又来——解读洪都航空,44026
11-20 07:45,600316,东兴证券股份有限公司,推荐,19,事件点评：持续看好洪都航空基本面扭转带来的投资机会,45885
04-13 13:12,600316,上海证券有限责任公司,增持,36,“猎鹰”将迎收获季,13.0万
01-13 14:17,600316,中国银河证券股份有限公司,推荐,17,L15教练机发放“准生证”进入批量生产交付阶段，业绩将迎高增长,99010
12-22 13:46,600316,中国银河证券股份有限公司,推荐,15,内生增长最强劲的整机企业，教练机、轻多机、无人战机将持续超预期,10.2万
01-03 09:20,600316,中国银河证券股份有限公司,推荐,16,成飞集成不同资产注入方案对洪都航空的影响分析,38195
11-25 19:32,600316,银河证券,推荐,23,洪都“利剑“无人作战机成功首飞，无人战机将打开公司中期成长空间,31158
11-04 09:40,600316,航天证券,买入,8,转折之年，静待4季度业绩绽放,19585
08-26 10:01,600316,航天证券,买入,3,K-8销量增加，管理费用降低，中报业绩超出预期,15248
08-23 11:23,600316,银河证券,推荐,4,业绩取得改善，下半年业绩将大幅增长,8065
08-22 17:20,600316,中信证券,增持,2,中报符合预期，业绩将持续改善,10254
07-31 13:20,600316,航天证券,买入,6,鹰击长空，L-15教练机渐入佳境,11827
04-28 18:55,600316,华泰证券,中性,0,K8交付增加，费用率下降同比实现扭亏,6807
04-28 10:40,600316,招商证券,强烈推荐,0,猎鹰量产交付 迎来业绩拐点,5432
04-28 10:39,600316,中国银河,推荐,0,2012年业绩超预期，开始交付大飞机结构件，大额搬迁补贴可期,6540
04-28 10:39,600316,华泰证券,中性,0,L15今年开始交付，业绩有望走出低谷,4747
04-28 10:34,600316,银河证券,推荐,0,飞鹰：教练机、战斗机、无人机齐飞,5046
04-28 10:31,600316,华泰证券,中性,0,三季度同比趋好，未来看点仍在L15,6763
04-28 10:30,600316,航天证券,增持,0,L-15高级教练机获订单，预计将提升公司业绩,5212
04-28 10:22,600316,华泰证券,中性,0,K8教练机订单减少影响业绩,6469
04-28 10:21,600316,方正证券,无,0,K8需求稳定，L15或将在珠海航展取得合同,4527
04-28 10:05,600316,北京高华,中性,0,业绩低于预期，但关注L-15新教练机；维持中性评级,6068
08-19 00:00,600316,中投证券,推荐,0,猎鹰即将腾飞,1626
10-30 20:02,300159,中航证券股份有限公司,买入,7,2018年三季报点评：公司业绩稳步增长，新业务有望逐步落实,39310
08-21 07:47,300159,中航证券,买入,7,2018年半年报点评：航空航天业务稳步增长，布局新业绩增长点,33846
08-17 19:13,300159,太平洋证券股份有限公司,买入,1,航空航天业务保持快速增长，高端制造领域不断延伸拓展,33229
08-17 08:21,300159,方正证券股份有限公司,推荐,6,业绩大幅增长，民机业务长期发展可期,19713
06-08 13:12,300159,东北证券股份有限公司,买入,17,定增15亿元加码航空航天制造，切实提高投资者回报,72453
05-28 09:25,300159,东北证券股份有限公司,买入,10,军工业务稳步增长，打造民航盈利增长点,28673
05-03 09:07,300159,中航证券,买入,2,军工业务大幅增长，民机业务提供新增长点,51360
04-26 09:00,300159,方正证券股份有限公司,强烈推荐,5,业绩较高速增长，看好航空航天业务发展,11.8万
04-24 11:28,300159,东北证券股份有限公司,买入,2,军品业务稳步增长，民航国际转包业务蓄势待发,15.0万
03-28 15:18,300159,安信证券股份有限公司,买入,3,民参军高端制造，军转民航空转包,50759
11-03 19:38,300159,中航证券有限公司,买入,4,公司2017年三季报点评：军工业务快速发展，军民融合不断深入,38807
10-27 15:34,300159,太平洋证券股份有限公司,买入,8,明日宇航持续向好，军民融合前景广阔,28266
09-04 07:42,300159,光大证券股份有限公司,增持,18,向民营军工综合体再出发,46598
08-11 22:45,300159,长城证券股份有限公司,强烈推荐,7,公司动态点评：航空航天向好农机下滑，三季度军品放量可期,52155
04-07 09:58,300159,中航证券有限公司,持有,30,2016年报点评：明日宇航稳定增长，军民融合不断深入,41775
03-29 15:17,300159,太平洋证券股份有限公司,买入,8,明日宇航布局未来，看好卫星业务发展,27888
03-29 09:02,300159,长城证券股份有限公司,强烈推荐,1,公司年报点评：农机业务低迷，明日宇航稳中有升,12277
03-17 08:51,300159,国海证券股份有限公司,增持,5,动态点评：军民融合不断深入，明日之“星”即将起航,18613
03-08 11:31,300159,东北证券股份有限公司,增持,6,卫星业务稳步推进，产业布局日趋完善,13615
11-17 18:22,300159,中航证券,买入,5,三季报点评：明日宇航增长稳定，军民融合深度发展,30229
10-26 11:17,300159,西南证券股份有限公司,买入,3,航空航天领域不断推进，向平台型企业发展,27743
10-25 11:02,300159,东北证券股份有限公司,增持,1,明日宇航稳步扩容，助力公司业绩增长,25490
08-25 18:29,300159,中航证券,买入,4,公司2016年半年报点评：农机军工领域稳健增长，民机转包业务助推未来发展,24201
08-11 16:50,300159,长城证券股份有限公司,强烈推荐,4,公司半年报点评：传统主业低迷，明日宇航可期,29139
08-10 13:22,300159,东北证券股份有限公司,增持,2,天地两翼齐发力，业绩稳步增长,24671
07-19 00:46,300159,西南证券股份有限公司,买入,3,布局民品转包业务，打开全新发展空间,26354
04-29 10:12,300159,中航证券有限公司,买入,2,公司2015年报点评：实现“农机+军工”布局，军民融合助力未来发展,30441
04-20 09:40,300159,西南证券股份有限公司,买入,9,业绩超承诺奠定未来基础，民参军最优标的,34111
10-29 00:00,300159,华金证券有限责仸公司,买入,0,收购明日宇航获批，军工业务将成新主业,14423
10-27 13:33,300159,西南证券股份有限公司,买入,8,收购明日宇航获批文，跨入高速发展新时期,21280
10-27 13:24,300159,长江证券股份有限公司,买入,5,三季报点评：明日宇航收购终获批，农机毛利率下降盈利微增,13160
08-21 14:00,300159,长江证券股份有限公司,买入,15,公告点评：收购明日宇航审批通过，军民融合新贵即日启航,14403
08-20 14:40,300159,国信证券股份有限公司,买入,14,重大事件快评：收购明宇通过重组委审查，打造军工帝国再进一步,18433
08-20 10:26,300159,西南证券股份有限公司,买入,17,重组进展顺利，看好业绩爆发,21557
07-28 07:56,300159,中国国际金融股份有限公司,推荐,0,关注三季度旺季的销量及军工资产的收购进展,9357
07-21 16:25,300159,西南证券股份有限公司,买入,9,收到证监会一次反馈，重大事项进展快速且顺利,11459
06-08 14:00,300159,西南证券股份有限公司,买入,15,航空航天空间大，快速发展正当时,33190
05-28 08:39,300159,西南证券股份有限公司,买入,9,“陆”上基础夯实，“空”中期待开花,8577
05-22 10:27,300159,长江证券股份有限公司,推荐,5,深度报告：业绩双轮驱动高增长，高端转型打开战略空间,10639
05-18 07:30,300159,方正证券股份有限公司,,10,牵手明日宇航，打造航空航天大时代中的明日之星,17424
05-07 10:27,300159,长江证券股份有限公司,推荐,8,点评报告：获国防科工局批复，明日宇航重组通过第一关,11661
04-27 07:33,300159,长江证券股份有限公司,推荐,3,一季报点评：业绩平稳增长，军工资产及后续并购承载新希望,10269
04-03 14:56,300159,上海申银万国证券研究所有限公司,买入,11,农机业务稳定增长，军工业务亮点颇多，目标价60元,11780
04-03 13:50,300159,长江证券股份有限公司,推荐,1,年报点评：产品结构优化业绩上扬，战略并购布局高端产业,6605
04-03 08:25,300159,中国国际金融有限公司,推荐,6,军工+农机，双轮驱动产业升级,7871
04-02 17:07,300159,国信证券股份有限公司,买入,7,一带一路带动农机发展，收购明日宇航打造军工帝国,8410
04-01 03:44,300159,中金公司,中性,21,大型玉米收割机龙头,36285
03-19 19:48,300159,中国银河证券股份有限公司,推荐,4,公司简评研究报告：36亿收购明日宇航，农机军工双驱动,10013
03-18 16:05,300159,国元证券股份有限公司,买入,4,“农机+军工”军民融合协同发展,9631
03-18 15:49,300159,长江证券股份有限公司,推荐,0,点评报告：收购优质军工资产，产业扩张双轮驱动,5829
03-18 15:45,300159,申万宏源,买入,0,收购明日宇航，实现产业升级大发展，维持”买入“评级！,7201
12-22 14:13,300159,上海申银万国证券研究所有限公司,买入,6,拟筹划与明日宇航公司重组事项，发展农机同时涉足军工产业,13279
12-19 13:45,300159,上海申银万国证券研究所有限公司,买入,3,利用合资子公司平台再度跨区域产业布局，维持买入评级,8445
12-19 10:22,300159,中国国际金融有限公司,中性,8,收购军工+强化农机，双主业战略浮出水面,10443
11-03 16:47,300159,上海申银万国证券研究所有限公司,买入,1,异地扩张辐射东北，低成本再塑一个新“新研”，维持买入评级！,7231
10-31 16:16,300159,上海申银万国证券研究所有限公司,买入,4,从大型玉米收割机“强者”走向中国农机产业“王者”，首次覆盖给予“买入”评级,6730
10-27 09:17,300159,东兴证券股份有限公司,推荐,1,三季度业绩增长平稳，未来有望受益土地流转,6085
10-26 13:27,300159,世纪证券,增持,0,玉米收获机销量放缓，业绩低于预期,4031
10-24 11:26,300159,中国国际金融有限公司,中性,1,小幅低于预期，期待明年山东基地投产,6081
09-23 10:19,300159,西南证券,买入,2,靠收购继续东进，开启做大做强新征途,5294
08-11 09:28,300159,中国国际金融有限公司,中性,0,符合预期，淡季平淡,5124
07-28 09:17,300159,山西证券股份有限公司,增持,4,产能释放推升盈利预期,5090
04-20 20:16,300159,广证恒生,,5,生产淡季业绩保持稳健增长,9721
03-17 16:39,300159,湘财证券有限责任公司,增持,4,公司2013年销售渠道拓宽 推动业绩稳定增长,6881
03-17 07:21,300159,世纪证券,买入,2,疆外基地开建，持续增长可期,7966
03-13 14:29,300159,中国银河证券股份有限公司,推荐,4,东北基地今年将开始投入运营 公司未来不排除实施产业并购,9335
03-12 17:28,300159,方正证券股份有限公司,增持,3,玉米机业务高增长，疆外市场收入同比增幅达45%,7232
03-12 15:03,300159,广州广证恒生证券研究所有限公司,强烈推荐,0,业绩快速增长，期待外延扩张获突破,4357
03-12 09:47,300159,中国国际金融有限公司,审慎推荐,1,期待东进战略再下一城,5929
02-21 15:32,300159,安信证券股份有限公司,买入,1,就近产销，抓住市场发展机遇,6682
02-14 09:05,300159,西南证券,增持,1,疆外设厂终于落地，静待业绩放量,6166
01-30 09:23,300159,中国银河证券股份有限公司,推荐,0,拟4亿建农机基地和东北仓储中心 未来将成国内最大高端玉米机企业,4110
01-29 15:13,300159,上海证券有限责任公司,谨慎增持,0,受益农业现代化改革，产品升级趋势明显,5192
11-13 10:43,300159,广证恒生,强烈推荐,7,拐点即现，旧貌换新颜,6731
10-27 15:31,300159,安信证券,买入,0,业绩低于预期，下调盈利预测,4844
10-27 15:31,300159,中金公司,审慎推荐,1,收入符合预期，利润低于预期,4539
10-27 14:40,300159,国泰君安证券,增持,1,业绩虽低于预期 后续仍值得期待,5485
10-27 11:46,300159,西南证券,增持,1,大逻辑不变，稀缺标的理应关注,4945
08-13 16:20,300159,东兴证券,强烈推荐,2,业绩符合预期，下半年增速将加快,6369
08-12 14:29,300159,世纪证券,买入,1,经营稳健，下半年业绩将增长,4971
02-14 14:55,600038,国海证券股份有限公司,增持,3,深度报告：直升机龙头，受益军民需求快速增长,22.3万
12-18 14:09,600038,东兴证券股份有限公司,,5,直20量产在即，拥抱行业龙头,53887
11-21 14:38,600038,国海证券股份有限公司,增持,14,直升机龙头实力不断提升 军民需求有望快速释放,38657
11-14 19:30,600038,华金证券股份有限公司,增持,2,发展格局保持良好，业绩有望重回上升通道,28029
10-31 09:24,600038,申万宏源证券有限公司,增持,3,三季度业绩略低于预期，看好新型号带来的业绩增长,20483
10-30 15:44,600038,安信证券股份有限公司,买入,1,盈利能力提升 业绩略有下降,14453
09-13 15:08,600038,华金证券有限责任公司,增持,8,受益通用航空渐进放开，行业发展空间广阔,40128
09-06 11:28,600038,安信证券股份有限公司,买入,10,空中霸主 扶摇直上,52660
09-05 14:21,600038,申万宏源证券有限公司,增持,7,上半年业绩表现符合预期，看好公司全年业绩成长,30870
09-01 09:53,600038,安信证券股份有限公司,买入,30,中报点评：业绩有所下降 看好未来发展,34588
08-31 14:10,600038,开源证券股份有限公司,增持,2,2017年中报业绩点评：上半年业绩小幅下滑 需求提升推动发展,22195
08-22 10:26,600038,国海证券股份有限公司,增持,7,动态点评：直升机龙头持续落子布局全谱系 战略性重视行业需求快速释放,38755
06-28 09:13,600038,华金证券有限责任公司,增持,3,巴黎航展军民直升机齐亮相，应急救援通航直升机价值凸显,34229
05-04 17:40,600038,申万宏源证券有限公司,增持,10,一季度业绩表现略超预期，国内直升机行业龙头蓄势待发,27451
04-01 20:34,600038,申万宏源证券有限公司,增持,9,直升机放量在即，行业龙头扶摇直上,42474
03-17 11:26,600038,长城证券股份有限公司,强烈推荐,3,公司动态点评：直升机龙头，未来市场广阔,24490
03-17 09:11,600038,招商证券股份有限公司,强烈推荐,2,民机市场取得阶段性成果，未来仍有资产注入预期,18070
04-30 15:23,600372,兴业证券股份有限公司,审慎增持,0,订单增加和均衡生产推动营收大幅增长 可转债费用计提导致财务费用大增,15054
04-29 16:30,600372,浙商证券,增持,3,中航电子一季报点评：订单饱满，毛利率有所提升,14373
04-29 11:31,600372,东北证券股份有限公司,买入,1,均衡生产和交付推动业绩同比大幅改善,13207
03-25 19:28,600372,中信建投,买入,17,航电系统龙头，军品双翼发展,23701
03-16 15:18,600038,开源证券有限责任公司,增持,6,2016年报点评：业绩保持稳定 新机型提升预期,15237
03-16 14:44,600038,广发证券股份有限公司,买入,4,业绩持平，军用直升机有望驱动业绩快速增长,14595
11-06 13:05,600038,海通证券股份有限公司,买入,3,公司季报点评：签署重大协议，直升机龙头扶摇直上,26404
10-31 10:06,600038,海通证券股份有限公司,买入,1,公司季报点评：业绩平稳增长，行业景气度持续提升,12844
10-28 16:34,600038,广发证券股份有限公司,买入,1,业绩稳步增长，看好公司未来发展前景,44705
10-18 09:15,600038,安信证券股份有限公司,买入,4,军用领域缺口巨大，中航工业集团直升机唯一平台前景广阔,45760
05-16 08:48,600038,川财证券有限责任公司,增持,2,军民用直升机领军者，新机型打开成长空间,5030
05-07 11:19,600038,安信证券,买入,10,中直股份：关注主机厂5月的机会,14602
04-29 22:41,600038,浙商证券,增持,0,中直股份2019年一季报点评报告：业绩持续增长，直升机生产有望提速,13792
04-29 20:07,600038,安信证券,买入,1,中直股份：2019Q1营收与归母净利润同比增长均为11.50%,13270
03-22 08:05,600372,兴业证券股份有限公司,审慎增持,0,营收稳定增长，航空产品毛利下降及期间费用增加影响业绩,9996
03-21 15:59,600372,东莞证券股份有限公司,推荐,4,年报点评：业绩低于预期，毛利率下降和资产减值损失增长是主因,19379
03-11 18:07,600372,东莞证券股份有限公司,推荐,2,跟踪点评：国内航电龙头，资产注入仍是重要看点,31526
03-05 18:22,600372,东方证券股份有限公司,增持,11,航电龙头平台地位明确，军民业务协同看好长期发展,28084
01-16 13:19,600372,东莞证券股份有限公司,推荐,2,深度报告：国内航电龙头，资产注入值得期待,26814
01-06 14:20,600372,川财证券有限责任公司,增持,5,公司发布股份回购预案，彰显发展信心,21542
12-21 17:49,600372,申万宏源证券有限公司,增持,3,内生外延双轮驱动，航电龙头乘风远行,21474
08-26 11:23,600038,广发证券股份有限公司,买入,1,中报业绩平稳，全年仍有望保持快速增长,24085
04-18 13:36,600038,广发证券股份有限公司,买入,48,业绩稳步增长，直升机龙头迎来黄金发展期,78121
03-31 13:54,600038,招商证券,强烈推荐,7,盈利能力增强，公司业绩高速增长,39755
03-31 00:00,600038,申万宏源证券有限公司,增持,0,业绩略超预期，关注通航产业大发展,1082
12-01 09:35,600038,海通证券股份有限公司,买入,13,公司深度报告：先进重直助直升机龙头羽翼更丰,26131
11-03 09:38,600038,华金证券,增持,5,批产促毛利率提升，看好直升机龙头发展前景,16881
11-02 15:56,600038,招商证券股份有限公司,强烈推荐,5,业绩维持稳定增长，市场想象空间巨大,14832
04-29 19:42,600038,中泰证券股份有限公司,买入,0,业绩符合市场预期，看好公司全年高速增长,12690
04-29 14:22,600038,东北证券股份有限公司,买入,0,一季度业绩较快增长，看好全年业绩表现,13890
04-29 12:27,600038,申万宏源证券有限公司,买入,6,订单充足产能加速释放，内外经营环境改善增厚业绩,14243
04-26 14:48,600038,兴业证券股份有限公司,审慎增持,0,营收净利同步稳增 全年业绩增长可期,12132
03-28 07:36,600038,申万宏源证券有限公司,买入,0,年报业绩符合预期，看好公司中长期投资机会,21967
03-26 20:39,600038,东方证券股份有限公司,增持,2,产品结构调整逐步完成，业绩持续上行趋势明确,17349
03-25 07:57,600038,华泰证券股份有限公司,买入,1,业绩增长加速，成长潜力大,17724
10-29 10:05,600372,兴业证券股份有限公司,审慎增持,1,营收利润增长加速,35650
10-26 15:15,600372,方正证券股份有限公司,推荐,0,三季度报业绩稳步增长，持续看好航电系统平台价值及未来发展,28682
10-26 13:40,600372,川财证券有限责任公司,增持,0,2018年三季报点评：业绩增长符合预期，航电系统市场空间广阔,46971
10-26 10:57,600372,招商证券股份有限公司,强烈推荐,0,业绩平稳增长，未来发展可期,20443
08-27 17:35,600372,方正证券股份有限公司,推荐,0,中报业绩稳步增长，持续看好航电系统平台价值及未来发展,17610
08-27 13:08,600372,兴业证券股份有限公司,审慎增持,1,业绩保持平稳，期待资产注入,8487
08-27 11:08,600372,川财证券有限责任公司,增持,2,2018年中报点评：公司业务稳定增长，看好航电系统长期发展,23383
10-29 14:33,600038,申万宏源证券有限公公司,增持,1,业绩符合预期，中航工业直升机业务资产整合平台,7697
10-28 14:26,600038,中信证券股份有限公司,增持,2,2015年三季报点评：直升机霸主腾飞，内生外延稳健可期,6843
09-14 14:36,600038,国泰君安证券,增持,17,低空霸主，展翅高飞,15059
09-07 17:13,600038,中银国际证券有限责任公司,买入,12,军品订单饱满，低空空域开放有望打开千亿民用市场空间,12679
09-01 15:18,600038,西南证券股份有限公司,增持,3,2015年中报点评：直升机行业龙头，毛利率扩张支撑业绩增长,9998
08-28 10:36,600038,中国银河证券股份公司,推荐,5,业绩加速增长 军民市场空间巨大,6833
08-28 08:56,600038,上海申银万国证券研究所有限公司,增持,6,直升机龙头有望爆发，未来市场前景广阔,13504
03-22 14:49,600038,安信证券股份有限公司,买入,3,中直股份：2018年归母净利润同比增长12.07%，预计2019年增速有所提升,17168
03-22 14:43,600038,长城证券股份有限公司,推荐,0,公司动态点评：营收重回正增长，关注军民两款新机型,14395
03-22 10:45,600038,浙商证券股份有限公司,增持,2,中直股份2018年年报点评报告：景气度趋势向上，新机型助力公司持续高增长,14780
03-22 07:54,600038,兴业证券股份有限公司,审慎增持,1,哈飞雄起助业绩提升，关联交易预计值预示交付显著增长,10882
03-22 07:51,600038,国海证券股份有限公司,买入,4,事件点评：军民需求向好，直升机龙头加速成长,19009
03-21 21:45,600038,东兴证券股份有限公司,强烈推荐,3,年报点评：营收增速转正，通用型直升机量产可期,16650
03-21 18:56,600038,浙商证券股份有限公司,增持,3,2018年年报点评报告：景气度趋势向上，新机型助力公司持续高增长,13281
06-21 07:13,600372,国海证券股份有限公司,增持,2,事件点评：发展动力充沛，增持彰显信心,41385
06-20 19:29,600372,川财证券有限责任公司,增持,5,航空工业增持股份，看好公司持续发展,44936
03-20 16:17,600372,国海证券股份有限公司,增持,3,事件点评：业绩符合预期，看好航空电子发展潜力,62207
03-20 11:06,600372,广发证券股份有限公司,买入,0,归母净利润增长17.8%，长期看好航电发展及平台价值,29151
03-19 10:29,600372,招商证券股份有限公司,强烈推荐,6,不断聚焦航空主业，军民融合未来可期！,39340
01-05 10:11,600372,国海证券股份有限公司,增持,5,动态点评：航空电子龙头，可转债助力实力再升级,47473
10-27 15:39,600372,广发证券股份有限公司,买入,4,前三季度业绩持平，拟发可转债推进航电项目产业化,30277
08-28 00:00,600038,元大证券(香港)有限公司,买进,0,多项政策利好确保展望乐观,1699
08-28 00:00,600038,元大证券(香港),买进,0,多项政策利好确保展望乐观,8951
08-27 15:00,600038,中信证券股份有限公司,增持,4,2015年中报点评：业绩稳定增长，长期成长可期,7784
08-27 00:00,600038,国金证券股份有限公司,买入,0,直升机 起飞倒计时,2390
07-31 09:33,600038,中信建投,买入,7,军用直升机 “大时代” 来临，行业龙头进入爆发成长期,19797
07-14 15:20,600038,海通证券股份有限公司,买入,12,公司跟踪报告：增持信号强烈提振市场信心,8525
07-06 09:02,600038,东方证券,买入,6,中俄重直项目签约，直升机产业再升,10398
03-21 18:05,600038,中泰证券股份有限公司,买入,1,哈尔滨分部高速增长，直升机龙头再起飞,15982
03-21 14:24,600038,华创证券有限责任公司,强推,2,2018年年报点评：业绩增长符合预期，关联交易预计值显示公司2019年高速增长确定性较高,14651
03-21 14:17,600038,东北证券股份有限公司,买入,0,重点机型驱动营收增长，管控能力有所提升,13784
03-21 14:14,600038,开源证券股份有限公司,增持,0,2018年报业绩点评：直升机制造核心企业 业绩重回增长轨道,13147
03-21 10:39,600038,国盛证券有限责任公司,买入,0,业绩符合预期，新一轮高成长可期,16023
03-04 08:19,600038,国盛证券有限责任公司,买入,3,中国直升机龙头，开启新一轮高成长,23751
02-19 07:25,600038,申万宏源证券有限公司,买入,0,军民用直升机龙头，新机型放量未来业绩可期,22935
08-02 11:23,600372,招商证券股份有限公司,强烈推荐,15,军工企业产融结合渐入佳境，军民融合打开公司未来成长空间！,59456
07-25 17:20,600372,光大证券股份有限公司,增持,10,军民融合与院所改制双重受益的航电旗舰,51010
03-20 19:43,600372,广发证券股份有限公司,买入,12,业务结构进一步优化，长期受益于资产整合,42886
03-16 16:49,600372,招商证券股份有限公司,强烈推荐,5,航空主业稳步增长，航电平台地位明确！,30609
08-26 14:16,600372,广发证券股份有限公司,买入,5,业绩低于预期，长期看好航电业务发展及资产整合,51375
06-06 20:12,600372,华金证券有限责任公司,增持,3,航电龙头前景光明，科研院所改制后优先收益,63167
03-09 13:09,600372,招商证券股份有限公司,强烈推荐,13,航电平台地位明确，军民融合助推公司发展,72554
05-26 15:00,600038,海通证券股份有限公司,买入,11,公司跟踪报告：重型直升机将打开新成长空间,12067
05-21 10:50,600038,中信建投证券,买入,11,直升机龙头蓄势腾飞，军民共进迎来大发展,8809
05-20 11:12,600038,元大投资顾问,买进,3,军工航天类股新一波行情将展开，布局便宜绩优股,10591
05-18 13:24,600038,海通证券股份有限公司,买入,12,公司深度报告：直升机龙头扶摇直上三千尺,41385
05-12 07:33,600038,上海证券有限责任公司,减持,28,好事多磨的先进重直,15504
04-17 14:52,600038,招商证券股份有限公司,强烈推荐,10,军民用机型齐头并进，进入快速增长期,9752
04-03 08:34,600038,上海证券有限责任公司,减持,13,翻过高速成长一页，开启平稳发展篇章,8963
01-30 09:20,600038,华创证券有限责任公司,推荐,1,深度研究报告：树梢杀手显峥嵘，直升机龙头新征程,19350
11-29 14:31,600038,东兴证券股份有限公司,强烈推荐,2,事件点评：直10ME通过技术评审，通用型直升机量产在即,22975
10-29 17:22,600038,东方证券股份有限公司,增持,0,业绩稳步增长研发投入加大，经营情况向好,73180
10-28 13:20,600038,中泰证券股份有限公司,买入,1,产品交付加速，业绩符合预期,59123
10-28 11:16,600038,浙商证券股份有限公司,增持,0,中直股份2018年三季报点评报告：加大研发投入，新机型助力公司业绩增长,59199
10-26 20:46,600038,长城证券股份有限公司,推荐,0,公司动态点评：业绩增长稳定，未来受益新机型交付,29117
10-26 16:01,600038,国海证券股份有限公司,增持,1,动态点评：业绩稳定增长，发展不断向好,13917
10-28 14:17,600372,中信证券股份有限公司,增持,2,2015年三季报点评：研发费用增长拖累公司业绩,11469
10-28 10:14,600372,中泰证券股份有限公司,买入,4,业绩下滑不改平台地位 30潜在资产注入仍可预期,34194
08-27 15:19,600372,中信证券股份有限公司,增持,5,2015年中报点评：业绩低于预期，下半年有望恢复增长,9511
08-27 14:45,600372,齐鲁证券有限公司,买入,7,偶然因素导致业绩下滑 航电平台地位未有改变,13698
08-10 09:24,600372,齐鲁证券有限公司,买入,7,公司深度研究：航电龙头，腾飞！,24207
07-30 16:49,600372,海通证券股份有限公司,买入,12,公司业绩稳定增长， 存资产注入预期,15395
07-24 10:20,600372,华金证券,增持,9,电子战背景下航电系统业务价值凸显,15923
04-02 10:52,600038,元大宝来证券(香港)有限公司,买进,13,4季度财报亮眼，支持毛利率扩张看法,8702
04-01 20:38,600038,民生证券股份有限公司,强烈推荐,3,年报点评：民用直升机正迎来发展黄金期,7983
04-01 18:04,600038,中银国际证券有限责任公司,买入,2,业绩增长稳定，持续看好公司军民领域全面发展,6858
04-01 16:38,600038,华创证券有限责任公司,推荐,7,营业收入稳步增长，看好公司长期发展,7447
04-01 07:52,600038,上海申银万国证券研究所有限公司,增持,8,中航工业直升机业务资产整合平台，未来需求保持高速增长,9131
04-01 01:37,600038,华鑫证券有限责任公司,推荐,5,稳步增长的直升机龙头,50929
10-26 15:41,600038,中信建投,买入,0,营收净利延续稳增态势，新机型放量蓄势待发,11981
10-26 14:57,600038,安信证券股份有限公司,买入,0,中直股份：2018年三季报归母净利润同比增长12.84%,63190
10-26 14:52,600038,华泰证券股份有限公司,买入,0,业绩平稳增长，坚定长期看好,65264
10-26 14:43,600038,开源证券股份有限公司,增持,0,2018年三季报业绩点评：陆军航空化建设助力发展 新机型量产提升预期,11417
10-26 14:31,600038,国泰君安证券股份有限公司,增持,2,2018年三季报点评：业绩增长符合预期，看好公司长期发展,11187
10-26 13:16,600038,兴业证券股份有限公司,审慎增持,0,营收业绩稳步提升 预计负债增加预示交付增长,7004
10-26 10:58,600038,招商证券股份有限公司,强烈推荐,1,业绩平稳增长，未来市场空间广阔,35268
04-08 08:09,600372,华创证券有限责任公司,推荐,21,技术同源，衍生发展，航空与非航领域收入稳步增长,12305
03-31 16:09,600372,中信证券股份有限公司,增持,10,2014年年报点评：业绩符合预期，等待资产注入,14173
03-31 11:22,600372,中国国际金融有限公司,中性,5,业绩低于预期，公司处于军民融合转型期,9331
10-30 15:15,600372,中国银河证券股份有限公司,推荐,1,业绩符合预期，未来将受益于研究所改制,9800
10-29 14:56,600372,中信证券股份有限公司,增持,11,业绩符合预期，科研院所改制政策出台日益临近,16324
08-27 17:56,600372,中信证券股份有限公司,增持,1,业绩符合预期，等待改制政策出台,8704
08-27 14:11,600372,,,3,业绩符合预期 等待改制政策出台,8119
03-31 23:01,600038,广发证券股份有限公司,买入,1,14年业绩增长符合预期，关注新产品项目进度,7288
03-31 17:13,600038,中信证券股份有限公司,增持,4,业绩稳定增长，总装资产注入值得期待,9482
02-16 19:56,600038,上海证券有限责任公司,减持,46,军品业务高成长已成过去时，民机业务高成长还是未来时,14403
02-06 15:32,600038,东方证券股份有限公司,买入,11,直-18、直-20同时亮相，新型号批产在即,8805
02-05 20:03,600038,中银国际证券有限责任公司,买入,6,管中窥豹：陆航旅逐渐成形，长期看好装备需求拉动公司业绩,9201
02-05 19:44,600038,中信建投,买入,3,直升机制造龙头，军用直升机需求高增长,9128
01-28 15:51,600038,中银国际证券有限责任公司,买入,6,看好公司基本面，体外资产注入值得期待,9181
10-09 15:50,600038,长城证券股份有限公司,强烈推荐,2,公司深度报告（二）：从公司自身发展情况预测增长空间,25970
09-28 08:51,600038,中泰证券股份有限公司,买入,5,大市场、新装备，直升机龙头再起飞,106万
09-19 08:58,600038,长城证券股份有限公司,强烈推荐,1,公司深度报告（一）：从全球产业格局看行业发展趋势,27668
09-06 08:29,600038,太平洋证券股份有限公司,买入,1,钢铁旋翼成为陆军转型翅膀，拐点渐近开启未来成长空间,40694
09-03 15:58,600038,东方证券股份有限公司,增持,1,产品结构优化毛利率提升，预收款同比提升53%,10.1万
08-31 20:28,600038,中信建投,买入,2,营收净利稳定增长，静待新机定型增量,21036
08-31 13:57,600038,东北证券股份有限公司,买入,2,盈利能力稳步提升，新机型批产有望带动业绩释放,17260
08-27 11:29,600372,中国国际金融有限公司,推荐,4,聚焦主业，稳步发展,6995
08-07 18:03,600372,中信建投,买入,4,航电旗舰，乘风扬帆,9897
07-18 14:19,600372,东兴证券股份有限公司,推荐,1,托管航电板块，航电龙头地位稳固,8162
07-02 09:54,600372,山西证券股份有限公司,买入,1,公司托管加政策推动 资产注入预期增强,9637
06-19 14:21,600372,中信建投,买入,1,增厚业绩、协同发展、强化预期,22695
06-19 13:48,600372,中信证券,增持,0,航电板块整合推进静待改制政策出台,22542
06-13 14:12,600372,山西证券股份有限公司,,5,看点在研究所资产注入,30137
12-31 08:24,600038,东方证券股份有限公司,买入,1,谱系化的直升机平台，受益行业黄金发展期,8250
12-11 19:08,600038,上海证券有限责任公司,减持,18,AC311内销、Y12出口皆获突破,10214
11-24 07:55,600038,中银国际证券有限责任公司,买入,6,国内直升机行业龙头，借改革之势扶摇直上,9917
10-30 14:24,600038,中信证券股份有限公司,增持,3,盈利能力提升驱动业绩超预期,30020
10-29 17:13,600038,广发证券股份有限公司,买入,6,3季报业绩大幅增长，关注未来新产品带来的增长,7616
09-04 07:41,600038,上海证券有限责任公司,减持,4,业务发展平稳，业绩符合预期,7301
08-27 17:45,600038,,,0,业绩符合预期，长期成长性确定,5423
08-28 16:47,600038,天风证券股份有限公司,买入,0,半年报点评：直升机龙头业绩稳步上升，受益高景气航空产业,25274
08-28 13:54,600038,安信证券股份有限公司,买入,1,中直股份：直升机龙头蓄势腾飞，军民共进前景广阔,27632
08-28 10:51,600038,财富证券有限责任公司,谨慎推荐,0,中报业绩符合预期，后续业绩有望进入加速期,12426
08-28 10:40,600038,天风证券股份有限公司,买入,1,直升机龙头业绩稳步上升，受益高景气航空产业,23774
08-28 10:05,600038,安信证券股份有限公司,买入,1,中直股份：2018H1归母净同比增长16%，预收款同比增长53%,13315
08-28 08:13,600038,东兴证券股份有限公司,强烈推荐,0,年报点评：中报增速超预期，业绩拐点显现,13019
08-27 18:10,600038,方正证券股份有限公司,强烈推荐,0,中报业绩稳健增长，看好新机型量产驱动收入高增长,13953
04-29 09:16,002013,兴业证券股份有限公司,审慎增持,1,归母净利润显著增长 全年稳步增长可期,11733
04-26 17:58,002013,申万宏源,买入,6,降费增效、研发加力确保稳增长,22807
04-25 00:00,002013,中泰证券股份有限公司,买入,3,业绩稳增内部运行状况良好，主业聚焦盈利能力持续提高,14358
03-29 09:25,002013,申万宏源证券有限公司,买入,2,年报业绩符合预期，看好公司中长期投资价值,24704
03-07 09:14,002013,广发证券股份有限公司,买入,1,合资评估增值导致业绩微降，长期看好公司平台价值,45001
03-07 08:30,002013,东兴证券股份有限公司,强烈推荐,2,年报点评：业绩受到合资事项影响，看好未来业绩成长与资产整合,45809
03-06 11:33,002013,安信证券股份有限公司,买入,1,17年归母净利润5.79 亿，同比下降0.71%,42215
06-15 15:42,002013,广发证券,买入,17,航空机电系统整合平台，资产注入已启航,14956
04-21 15:15,002013,招商证券股份有限公司,强烈推荐,4,航空产品占据主导地位，并购进入航空维修业务,5029
04-21 13:40,002013,中国银河证券股份有限公司,推荐,2,公司点评：业绩基本符合预期，期待机电系统进一步整合,3123
04-20 17:35,002013,中信证券股份有限公司,买入,15,2014年年报暨2015年一季报点评：业绩符合预期，关注公司资本运作,8366
04-01 09:10,002013,海通证券股份有限公司,买入,15,跟踪报告：航空机电龙头，价值仍被低估,10739
02-03 08:33,002013,招商证券股份有限公司,强烈推荐,9,财务费用拖累当期业绩，长期增长趋势不改,9155
04-21 14:59,600372,中信证券股份有限公司,增持,2,一张图看懂军工行业系列,12315
04-02 15:18,600372,中国银河证券股份有限公司,推荐,2,主业稳定增长 2014年业绩可能下降,6947
03-27 10:43,600372,广发证券股份有限公司,买入,0,看好航电业务平台，但14年费用增长可能影响业绩,6388
03-26 17:08,600372,安信证券股份有限公司,买入,4,13年EPS略低于预期，14年业绩存在压力,7208
03-26 16:05,600372,平安证券股份有限公司,强烈推荐,10,资产注入箭在弦上 成飞集成股权增值空间巨大,10966
03-26 13:35,600372,中信证券股份有限公司,增持,10,业绩符合预期，民品拓展将提速,6395
03-17 21:55,600372,广发证券股份有限公司,买入,12,公司航电平台地位依然确定，受益国防信息化发展方向,9270
08-27 14:28,600038,中信证券股份有限公司,增持,7,业绩符合预期，长期成长性确定,20081
07-15 08:56,600038,,,0,停牌或与总装资产注入有关 停牌或与总装资产注入有关,5576
07-14 13:46,600038,中信证券股份有限公司,增持,22,停牌或与总装资产注入有关 看好公司中长期发展前景,18800
05-16 11:05,600038,上海证券有限责任公司,增持,3,开局顺利，发展平稳，估值仍高,6882
04-01 08:08,600038,天相投资顾问有限分公司,增持,6,完成资产整合，业绩有望稳定增长,7412
03-30 16:17,600038,广发证券股份有限公司,买入,2,13年业绩基本符合预期，14年直升机仍将较快增长,7151
03-28 11:27,600038,平安证券有限公司,强烈推荐,6,AC352大单开辟哈飞发展新空间,8626
08-27 16:55,600038,国泰君安证券股份有限公司,增持,2,2018年中报点评：净利润和现金流明显改善，长期看好公司未来发展,13628
08-27 15:46,600038,开源证券股份有限公司,增持,1,2017年半年报业绩点评：会计政策变更提升盈利 新机型量产提升预期,12827
08-27 15:45,600038,申万宏源证券有限公司,买入,0,18年上半年业绩符合预期，看好公司未来新型国产直升机放量带来的业绩增长,11546
08-27 11:29,600038,招商证券股份有限公司,强烈推荐,0,盈利能力有所提高，经营不断向好！,13546
08-27 11:23,600038,华泰证券股份有限公司,买入,1,中报业绩平稳增长，坚定长期看好,18810
08-27 10:59,600038,兴业证券股份有限公司,审慎增持,0,营收增长平稳，成本控制提高盈利水平,9527
08-27 10:47,600038,浙商证券股份有限公司,增持,0,中直股份2018半年报点评报告：上半年平稳增长，新会计政策带来积极影响,13615
03-25 11:09,002013,国盛证券有限责任公司,买入,7,航空机电系统旗舰平台，内生外延俱佳,36112
03-22 18:55,002013,中信建投,买入,7,公司业绩稳健增长，聚焦主业发展可期,33307
03-20 08:58,002013,天风证券股份有限公司,买入,1,军航与防务板块增速高达8.2%，充分受益外延增长与机载专项,26752
03-19 14:11,002013,东北证券股份有限公司,买入,2,全年业绩保持稳健，未来发展空间广阔,21963
03-18 09:34,002013,中泰证券股份有限公司,增持,2,公司业绩稳步增长，军民市场前景广阔,14857
03-17 14:10,002013,兴业证券股份有限公司,审慎增持,1,业绩稳定增长，军品占比继续提升,13291
03-17 12:21,002013,安信证券股份有限公司,买入,2,年报点评：整体经营稳健，19年预计稳步上升,23368
03-06 08:30,002013,招商证券股份有限公司,强烈推荐,2,主营业务增长明确，所得税费影响当期业绩,39898
03-02 09:33,002013,东兴证券股份有限公司,强烈推荐,3,深度报告：拥抱军工行业核心资产，细分行业龙头强者恒强,89.6万
02-23 09:44,002013,国海证券股份有限公司,买入,1,事件点评：经营业绩稳步提升，受益航空产业发展及资产证券化,21.9万
02-22 15:05,002013,招商证券股份有限公司,强烈推荐,3,营业利润大幅增长，所得税费影响短期业绩！,59816
02-22 10:38,002013,东吴证券股份有限公司,买入,4,收入稳定增长，受一次性所得税影响归母净利润下降,41422
01-25 13:08,002013,东吴证券股份有限公司,买入,8,航空机电龙头企业，同时受益于行业景气与改革推进,34759
01-22 22:39,002013,国海证券股份有限公司,买入,7,调研简报：航空机电龙头继续成长，可转债发行顺利推进,33762
01-23 07:56,002013,中信证券股份有限公司,买入,3,对资产注入的再认识,9829
12-08 14:29,002013,华创证券,强推,5,机电、汽车零部件稳定增长，增发锁定管理层利益,9918
12-02 16:20,002013,海通证券股份有限公司,增持,17,机电板块整合有序推进，高管参与增发激发活力,9248
11-28 10:33,002013,中国银河证券股份有限公司,推荐,15,定增和资产收购将提升公司投资价值,12173
11-26 14:34,002013,广发证券股份有限公司,买入,16,非公开发行和并购整合利好公司发展,10309
11-26 14:01,002013,招商证券股份有限公司,强烈推荐,9,非公开发行预案点评：员工持股显示长期发展信心,11811
08-29 15:44,002013,招商证券股份有限公司,强烈推荐,10,核心飞机系统供应商，内外生增长兼备,5117
08-21 09:55,002013,西南证券,增持,0,收入稳步增长，持续推进资本运作,5286
04-22 09:18,002013,中信建投证券有限公司,买入,4,一季度亏损不改全年稳增趋势，整合与激励或有实质进展,8326
02-20 11:24,600372,中信证券股份有限公司,增持,2,整合平台定位明确 民品拓展值得期待,6601
02-16 15:36,600372,安信证券股份有限公司,买入,1,航电业务快速发展，后续资产整合值得期待,8666
12-28 16:51,600372,海通证券股份有限公司,买入,5,集优质资产于一身的航电旗舰公司,9026
11-18 11:07,600372,广发证券,买入,5,国防信息化提升机载电子需求，航电业务整合未来可期,8573
11-04 10:25,600372,航天证券,买入,2,加速整合，稳步增长,6557
10-30 09:04,600372,中信建投,买入,2,股权收购实施完成，四季度集中交付将支撑全年高增长,8035
10-28 15:22,600372,中金公司,推荐,2,收入增长加速，对3家子公司收购完成,6335
03-28 07:59,600038,上海证券有限公司,减持,5,营收增长成为平淡的业绩表现中仅有亮点,6874
03-26 13:46,600038,中信证券股份有限公司,增持,3,业绩符合预期，未来增长确定,6777
08-23 15:11,600038,东兴证券股份有限公司,强烈推荐,4,事件点评：中直股份系列报告之四：从新型通用直升机直-20看中直股份,24876
08-20 10:28,600038,浙商证券股份有限公司,增持,8,中直股份深度报告：直升机行业加速发展，公司业绩迎来拐点,24928
08-15 15:51,600038,东兴证券股份有限公司,强烈推荐,6,中直股份系列报告之三：从民用直升机发展看中直股份,26490
07-09 17:07,600038,华泰证券股份有限公司,买入,2,旋翼惊风雷，空中闻铁骑,40851
05-02 10:23,600038,方正证券股份有限公司,强烈推荐,1,收入微增，新机型量产有望驱动收入高增长,43234
04-28 10:11,600038,中信建投,买入,3,助飞三军拐点将至，直升机龙头腾空在即,13.7万
04-28 10:09,600038,中信建投,买入,1,一季度净利润同比持平，公司业绩拐点即将来临,14980
04-28 10:28,600893,东方证券,买入,0,配套问题解决，预期全年增长符合预期,2117
04-28 10:28,600893,银河证券,推荐,0,3季度业绩大幅好转 全年增长无忧,2177
04-28 10:28,600893,华创证券,推荐,0,三季度大幅增长，全年增速转正,2071
04-28 10:27,600893,国海证券,增持,0,业绩符合预期，预计全年业绩稳定增长,2286
04-28 10:27,600893,招商证券,审慎推荐,0,产品结构调整 将获国家重大专项支持,2392
04-28 10:22,600893,国海证券,增持,0,中报下滑不影响全年稳定增长，关注政策利好带来的投资机遇,2330
03-15 19:11,002013,东兴证券股份有限公司,强烈推荐,7,年报点评：业绩符合预期，扣非后净利润增长明显,23649
03-15 00:00,002013,川财证券有限责任公司,增持,0,2018年年报点评：军品主业稳定增长，看好公司发展前景,6179
03-15 00:00,002013,华创证券有限责任公司,推荐,0,2018年年报点评：顺利完成全年经营目标，平台地位明确，改革有望深化,4758
03-13 00:00,002013,东吴证券股份有限公司,买入,1,军用航空与防务带动整体业绩增长,21304
01-24 17:23,002013,中信建投,买入,11,营收利润稳定增长，外延发展空间可期,24432
01-23 10:44,002013,兴业证券股份有限公司,审慎增持,6,业绩位于预告中枢 盈利能力逐季改善,4441
01-18 17:58,002013,中信建投,买入,2,回购股份彰显信心，内生外延空间广阔,10660
11-16 10:30,002013,华金证券股份有限公司,增持,6,三季度业绩增长平稳，机电系统市场前景广阔,38077
11-08 16:58,002013,招商证券股份有限公司,强烈推荐,3,稳步布局民用机电领域，未来有望超预期！,36349
10-23 09:20,002013,招商证券股份有限公司,强烈推荐,17,稳健增长的航空装备系统供应商！,36447
10-20 13:42,002013,广发证券股份有限公司,买入,9,业绩稳健增长，关注资产收购和科研院所改制进展,36770
08-22 15:17,002013,太平洋证券股份有限公司,买入,13,聚焦主业稳健增长，关注后续资本运作,41456
08-21 22:47,002013,长城证券股份有限公司,推荐,7,半年报点评：扣非后业绩大增，航空产业贡献较多增量,30650
08-21 19:46,002013,广发证券股份有限公司,买入,15,航空产品驱动业绩增长，收购资产有望增厚业绩,31051
04-21 10:53,002013,华安证券,增持,2,业绩低于市场预期，未来还看机电平台整合效应,9451
04-21 08:03,002013,广发证券股份有限公司,买入,2,1季度业绩不具趋势性，全年业绩预计稳步增长,6946
04-16 17:09,002013,中银国际证券有限责任公司,买入,5,航空机电垄断平台，内生外延增长兼具,9276
01-19 17:53,002013,财达证券有限责任公司,增持,1,2013年度业绩快报点评,13593
12-24 19:37,002013,西南证券,增持,0,航空机电业务稳定发展，打造机电业务整体平台,7414
12-16 16:11,002013,银河证券,推荐,0,航空主业持续增长 资产整合预期提升,5678
12-09 17:03,002013,中信建投,增持,3,航电板块上市平台可期,9900
12-09 10:33,002013,广发证券,买入,4,即将更名“中航机电”，受托管理18家公司,10513
07-23 11:39,002013,广发证券,买入,0,非航业务下滑无碍中期业绩增长,4710
09-18 15:34,600372,东北证券,买入,1,立足于航电系统产业，民品与非航空防务业务的发展空间较大,7307
08-26 10:10,600372,航天证券,买入,7,航电系统整合平台，业绩伴随行业增长,7819
08-23 11:30,600372,银河证券,推荐,1,增速有所加快 期待资产整合,6442
08-23 10:55,600372,东莞证券,谨慎推荐,1,主营业务稳健增长，业绩存在向上空间,5652
08-23 09:22,600372,中信建投,买入,1,航电产品支撑业绩增长，股权收购已获评估备案,6323
08-22 18:53,600372,中信证券,增持,1,经营维持稳健，资产整合持续推进,5734
08-22 16:42,600372,中金公司,推荐,0,1H13业绩略超预期，航电产品增长加速,4901
04-28 09:27,600038,申万宏源,买入,0,18年Q1业绩符合预期，预计公司进入快速增长期,5734
04-27 18:49,600038,申万宏源证券有限公司,买入,3,18 年Q1业绩符合预期，预计公司进入快速增长期,12233
04-27 17:06,600038,安信证券股份有限公司,买入,0,一季度业绩基本持平，会计准则变更或产生积极影响,8709
03-29 00:00,600038,东方证券股份有限公司,增持,0,谱系化直升机龙头，18年有望迎来拐点,1588
03-28 15:27,600038,安信证券股份有限公司,买入,4,2018年蓄势待发，关注新机型进展,30836
03-22 17:12,600038,东兴证券股份有限公司,强烈推荐,2,年报点评：新机型服役临近，18年迎来业绩拐点,48.8万
03-20 18:18,600038,广发证券股份有限公司,买入,4,归母净利润微增，业绩有望受益于直升机装备发展,20.5万
04-28 10:16,600893,东方证券,买入,0,航空产品受配套影响小幅下滑，全年业绩有望实现两位数增长,2004
04-28 10:16,600893,华创证券,推荐,0,发动机主业发展平稳 非航产品拖累当期业绩,2067
04-28 10:15,600893,广发证券,买入,0,中报业绩下滑幅度略超预期,2240
04-28 10:15,600893,方正证券,买入,0,发动机业务平稳过渡，后续关注重组进程和专项出台,2004
04-28 10:15,600893,银河证券,推荐,0,老产品使业绩短期回落 新产品将带动高速增长,2026
04-28 10:15,600893,东兴证券,推荐,0,军机换装致使收入下降，燃气轮仍是今年亮点,2485
04-28 10:15,600893,华泰证券,增持,0,航空发动机业务保持稳健，非航业务影响业绩,2215
04-28 10:15,600893,中信建投,买入,0,军品换代与非航业务导致业绩下滑 重大专项与资产重组依然可期,2237
04-28 10:15,600893,湘财证券,买入,0,苦练内功、瘦身非航空业务，公司业绩有待下半程发力,2278
01-04 15:49,002013,东兴证券股份有限公司,强烈推荐,7,事件点评：回购股份彰显信心，利空出尽就是利好,26771
12-26 16:36,002013,安信证券股份有限公司,买入,9,机电系统龙头增长稳健、平台地位唯一运作有序,29961
10-31 13:33,002013,东兴证券股份有限公司,强烈推荐,2,三季报点评：净利润增速显著快于营收增速，航空产品量价齐升,84791
10-30 10:59,002013,中信建投,买入,0,前三季度利润增速显著，调整托管单位增强协同效应,35950
10-29 16:07,002013,东方证券股份有限公司,买入,0,2018Q3业绩保持高增长，可转债发行助力平台资源整合,32361
10-29 08:23,002013,兴业证券股份有限公司,审慎增持,0,航空机电旗舰成长稳健 毛利平稳业绩提升,19256
10-29 08:21,002013,中泰证券股份有限公司,增持,0,公司业绩稳步增长，平台资产进一步优化,25934
08-21 16:24,002013,联讯证券股份有限公司,买入,18,中报符合预期，外延脚步继续加快,29806
08-21 13:27,002013,招商证券股份有限公司,强烈推荐,11,内生增长稳定，外延有望超预期！,20053
08-17 19:22,002013,国海证券股份有限公司,买入,18,动态点评：航空机电龙头持续迭代升级 看好长期确定性发展,45694
08-04 14:32,002013,长城证券股份有限公司,强烈推荐,8,公司动态点评：航空机电类资产整合更进一步，业绩增长和资产注入双轮驱动,46767
08-03 11:27,002013,广发证券股份有限公司,买入,6,拟发行可转债收购资产，资本运作持续推进,30007
08-02 16:24,002013,招商证券股份有限公司,强烈推荐,8,内生外延双轮驱动，铸就飞机强健体魄,32854
08-02 14:42,002013,联讯证券股份有限公司,买入,21,有估值，有增长，有资产注入预期的中航工业系统三好学生,42502
07-22 15:35,002013,中信建投,增持,1,航空军品推动利润增长,5312
06-14 08:55,002013,银河证券,推荐,3,募投项目提升增长能力 收购江航增厚公司业绩,6211
04-28 10:45,002013,中国银河,推荐,0,航空产品支持业绩持续增长 收购及融资提升投资价值,1667
04-28 10:45,002013,中信建投,增持,0,整合初年，平稳增长,2429
04-28 10:45,002013,中信建投,增持,0,股权收购与能力建设并举，短期略有摊薄，利在长远,1675
04-28 10:45,002013,广发证券,买入,0,重组完成华丽转身，资本运作步伐持续,2530
04-28 10:33,002013,中国银河,推荐,0,发布业绩修正公告 上调业绩预期,1760
04-28 10:32,002013,中国银河,推荐,0,完成资产收购 估值具有优势,2360
04-28 10:29,002013,华泰证券,增持,0,资产整合更进一步，未来仍存想象空间,1573
08-22 13:55,600372,广发证券,买入,0,中报业绩符合预期，期待下半年收购完成,4784
06-18 16:37,600372,光大证券,买入,0,收购资产凸显航电系统资产整合平台地位,6714
06-18 13:48,600372,中金公司,推荐,4,航电龙头，振翅欲飞,7937
06-18 07:26,600372,中信建投,买入,1,业绩明显增厚，整合稳步推进,5819
06-17 15:06,600372,银河证券,推荐,0,将收购企业类资产 增厚效应明显,4955
04-28 18:55,600372,银河证券,推荐,0,1季度增速较低 全年有望较快增长,3955
03-20 09:28,600038,申万宏源证券有限公司,买入,1,17年业绩符合预期，产品周期与需求完美匹配助力公司未来业绩台阶式增长,53.8万
03-19 13:18,600038,安信证券股份有限公司,买入,3,17年归母净利润同比增长3.69%，新机型交付数量稳步上升,29.5万
03-19 10:23,600038,招商证券股份有限公司,强烈推荐,3,航空主业保持平稳，未来前景可期！,94.5万
03-19 07:45,600038,国海证券股份有限公司,买入,5,事件点评：业绩略低于预期，2018年高增长通道有望开启,80.2万
03-26 10:28,600038,平安证券有限责任公司,强烈推荐,0,产能瓶颈年底消除 关注直升机板块整合协同效应发挥,5842
03-05 11:33,600038,上海证券有限责任公司,减持,15,EC175成功取证，交付一再延迟,8025
12-24 13:51,600038,中信证券股份有限公司,增持,3,直20首飞成功 长期成长前景看好,10879
11-04 09:58,600038,航天证券有限责任公司,买入,2,“启航”军工系列报告2：成长趋势逐渐显现，新品将陆续打开未来成长空间,6996
10-28 16:49,600038,中金公司,审慎推荐,6,加速成长预期开始兑现,10735
09-12 14:10,600038,上海证券,减持,11,向民用直升机市场开疆拓土,8928
04-28 10:15,600893,招商证券,审慎推荐,0,新老产品交替 业绩低于预期,2171
04-28 10:15,600893,平安证券,推荐,0,业绩低于预期，长期依旧看好,2210
04-28 10:15,600893,申银万国,增持,0,新老交替影响业绩，立足长远，维持增持！,2128
04-28 10:02,600893,中投证券,推荐,0,业绩基本符合预期、等待资产注入机会,2157
04-28 10:02,600893,东方证券,买入,0,利润增长得益成本控制,1885
04-28 10:02,600893,广发证券,买入,0,1季报毛利率提升显著，但不一定代表全年趋势,2037
04-28 10:01,600893,中信建投,买入,0,毛利率大幅提高推动利润增长,1909
04-28 10:01,600893,华泰证券,买入,0,盈利能力提升明显，资产重组值得期待,2245
10-28 12:19,002013,天风证券股份有限公司,买入,2,Q3净利润增长显著，减轻有息负债，轻装上阵聚焦机电主业,35743
10-26 17:11,002013,申万宏源证券有限公司,买入,3,三季度业绩符合预期，看好公司全年业绩增长,31516
10-26 13:42,002013,安信证券股份有限公司,买入,2,前三季度归母净利润增长28.95%，单季度归母净利润增长58.96%,16144
10-26 13:39,002013,川财证券有限责任公司,增持,0,2018年三季报点评：公司业绩快速增长， 机电系统平台地位稳固,12277
10-26 11:36,002013,国海证券股份有限公司,买入,2,事件点评：业绩持续快速增长，专业梳理加速发展,15842
10-26 11:00,002013,招商证券股份有限公司,强烈推荐,3,资产整合效果显现，盈利能力持续提高,17211
10-15 09:13,002013,招商证券股份有限公司,强烈推荐,3,托管范围有所调整，平台地位依旧稳固！,23071
05-02 08:59,002013,招商证券股份有限公司,强烈推荐,12,设立合资公司积极推进混改，内生外延均可期待！,38586
03-15 16:45,002013,招商证券股份有限公司,强烈推荐,8,员工持股树行业标杆，内生外延均可期待！,36074
03-14 20:53,002013,长城证券股份有限公司,强烈推荐,10,年报点评：经营性收益显著改善，资产注入或加快兑现,28838
03-14 13:37,002013,广发证券股份有限公司,买入,8,收购2家公司并表，关注后续资产整合,33451
01-17 00:00,002013,招商证券股份有限公司,强烈推荐,1,业绩快报符合预期，看好公司长期发展！,8188
12-07 00:00,002013,广发证券股份有限公司,买入,1,拟现金收购航空机电类公司，资本运作持续推进,5288
12-06 00:00,002013,招商证券股份有限公司,强烈推荐,1,资产注入启动，未来仍有预期,3462
04-28 10:28,002013,中国银河,推荐,0,汽车主业稳定 变身军工后估值优势明显,2445
04-28 10:23,002013,中国银河,推荐,0,资产重组即将完成 投资价值提升,1630
04-28 10:23,002013,中信建投,增持,0,资产重组获批，确立航空机电龙头地位,2251
04-28 10:22,002013,广发证券,买入,0,重大资产重组审核通过点评,1525
04-28 10:22,002013,平安证券,推荐,0,国内军用航空机电设备垄断厂商,2380
04-28 10:15,002013,中信建投,增持,0,主营略降，静待资产重组进展,1469
04-28 10:15,002013,方正证券,无,0,业绩不温不火，资产注入是亮点,2509
08-28 14:40,600038,上海证券,中性,6,成长性开始发挥，但还不够快,8346
08-26 10:28,600038,航天证券,买入,4,稳健增长，中长期看好,8142
08-23 15:29,600038,中信建投,增持,3,收入快速增长，毛利率略降，资产重组通过证监会审核,7286
08-22 17:11,600038,中信证券,增持,2,中报符合预期，受益直升机需求增长,7657
07-16 08:24,600038,上海证券,中性,9,EC175/AC352研制进展有延迟，Y12出口大单易谨慎,9726
06-18 13:39,600038,中金公司,审慎推荐,9,迎接直升机发展的大时代,9375
05-14 11:34,600038,光大证券,买入,0,哈飞直九出口形势极好 加班成常态,3729
04-28 18:56,600038,中信建投,增持,0,一季度业绩符合预期，确立全年高增长基调,3881
04-28 18:55,600038,华泰证券,买入,0,营收快速增长，毛利率同比显著提升,3862
04-28 09:58,600893,东方证券,买入,0,航空产品有望实现快速增长,1737
04-28 09:58,600893,西南证券,无,0,业绩符合预期 军品稳健转包微降,2066
04-28 09:58,600893,安信证券,买入,0,业绩符合预期，静待催化剂因素出现,2192
04-28 09:58,600893,方正证券,买入,0,内外需求双向驱动，平稳度过产品过渡期,1969
04-28 09:58,600893,北京高华证券有限责任公司,买入,0,业绩符合预期：增长稳健，战略定位,1975
04-28 09:57,600893,宏源证券,增持,0,大势不改，中长期坚定看好,1545
04-28 09:57,600893,中投证券,推荐,0,航空发动机及零部件外包业务稳步增长,2120
04-28 09:57,600893,中信建投,买入,0,盈利能力提升，新老产品交替,1734
04-28 09:57,600893,申银万国,增持,0,平稳增长，期待突破，维持增持评级,2142
09-28 08:49,002013,中泰证券股份有限公司,增持,11,内生外延前景俱佳，机电龙头强者恒强,34553
09-20 11:18,002013,东兴证券股份有限公司,强烈推荐,20,事件点评：中航机电系列报告之五：对标十年十倍股TDG,66554
09-11 18:46,002013,东方证券股份有限公司,买入,4,2018H1营收利润稳健增长，机电平台空间广阔,26823
09-04 10:34,002013,东兴证券股份有限公司,强烈推荐,0,半年报点评：业绩符合预期，航空产品量价齐升,11801
09-03 13:52,002013,中信建投,买入,0,营收稳健增长，内生外延增长空间广阔,9388
09-03 13:05,002013,招商证券股份有限公司,强烈推荐,4,中报符合预期，下半年有望继续加速！,14860
09-03 10:50,002013,国海证券股份有限公司,买入,0,事件点评：机电系统整合平台，受益装备建设和资产注入,9280
12-06 00:00,002013,长城证券股份有限公司,强烈推荐,0,动态点评：资产注入逻辑逐步兑现，未来业绩增长和资产注入双轮驱动,2634
12-06 00:00,002013,光大证券股份有限公司,买入,1,军工白马资本运作连续落地,6488
11-29 00:00,002013,招商证券股份有限公司,强烈推荐,1,参与黑豹重大资产重组配套融资，持续看好公司未来发展,4232
10-25 19:20,002013,广发证券股份有限公司,买入,4,业绩快速成长，期待后续资本运作,46346
10-24 16:46,002013,长城证券股份有限公司,强烈推荐,0,三季报点评：业绩符合预期，军品业绩有望保持较快增长,24161
10-24 08:46,002013,招商证券股份有限公司,强烈推荐,1,前三季业绩同比增长近三成，维持全年增长预测,21280
10-21 08:27,002013,海通证券股份有限公司,买入,5,公司季报点评：业绩符合预期，板块整合渐行渐近,23721
04-28 10:42,600038,光大证券,买入,0,2013业绩锁定高增长 从一季度开始,4008
04-28 10:42,600038,上海证券,大市同步,0,迟到的成长冀望2013,3692
04-28 10:41,600038,中信建投证券,增持,0,订单饱满，重组获批，长期空间广阔,4644
04-28 10:40,600038,招商证券,审慎推荐,0,订单充足保障业绩 将成直升机专业化平台,3652
04-28 10:39,600038,东兴证券,推荐,0,资产整合将有效提升公司规模及增速,4024
04-28 10:36,600038,上海证券,跑赢大市,0,直升机旗舰启航2012,3625
04-28 10:35,600038,东方证券,买入,0,新型直升机获进展 公司未来成长可期,3583
04-28 10:32,600038,华泰证券,买入,0,即将腾飞的直升机龙头,4040
04-30 00:00,600893,华泰证券股份有限公司,买入,2,受益下游均衡生产，经营质量持续提升,13524
04-01 00:00,600893,中航证券有限公司,持有,2,公司2018年年报点评：聚焦航发主业，提升经营效果,14380
03-31 16:39,600893,兴业证券股份有限公司,审慎增持,6,航空发动机龙头厚积薄发 期间费用减少增厚利润,6216
03-29 14:27,600893,开源证券有限责任公司,买入( Buy),13,2018年报业绩点评：航发业务进入高景气周期 政策扶持提升潜力,33860
04-28 09:57,600893,平安证券,推荐,0,业绩符合预期，整合趋势不变,2050
04-28 09:57,600893,广发证券,买入,0,业绩符合预期，12年预计军品整机下滑但零部件放量,1721
04-28 09:57,600893,招商证券,审慎推荐,0,产品转型升级 期待更好发展,1563
04-28 09:53,600893,东兴证券,推荐,0,全面发展，燃气轮机成亮点,2038
04-28 09:17,600893,安信证券,买入,0,发动机重大专项助推给力，军工资产注入政策即将破冰,2196
01-30 00:00,600893,国海证券,,0,面纱即将揭开，未来想象空间巨大,677
10-27 00:00,600893,华泰证券,买入,0,暂时搁浅不碍长期发展,429
10-26 00:00,600893,广发证券,买入,0,业绩符合预期，短期利空因素不改产业发展趋势,536
09-03 09:43,002013,安信证券股份有限公司,买入,3,18年营收目标已达一半,12916
09-03 09:04,002013,方正证券股份有限公司,推荐,0,中报业绩稳步增长，看好受益军机上量与资本运作,9502
09-03 08:29,002013,申万宏源证券有限公司,买入,1,2018H1业绩符合预期，资本运作助力业绩腾飞,7270
09-01 13:43,002013,东吴证券股份有限公司,买入,1,上半年经营状况良好，收入利润稳步增长,18126
08-31 15:25,002013,川财证券有限责任公司,增持,1,2018年中报点评：业绩增长符合预期，军民品机电系统空间大,12731
08-31 13:46,002013,兴业证券股份有限公司,审慎增持,1,内生成长稳健，并表增厚业绩,7920
08-30 09:49,002013,中信建投,买入,0,军用机电系统龙头，民用及维修市场拓展潜力巨大,16317
09-26 16:06,002013,长城证券股份有限公司,强烈推荐,9,动态点评：解禁不等于大幅度减持，坚定看好公司未来成长空间,41567
08-15 13:40,002013,招商证券,强烈推荐,3,业绩符合预期，全年有望保持高速增长,20497
08-15 08:41,002013,招商证券股份有限公司,强烈推荐,5,业绩符合预期，全年有望保持高速增长,35839
08-12 15:55,002013,长城证券股份有限公司,强烈推荐,5,公司半年报点评：业绩超预期，安全边际高,67792
08-12 10:07,002013,广发证券股份有限公司,买入,4,业绩迎来爆发，期待后续资本运作,32770
07-08 07:59,002013,中国银河证券股份有限公司,推荐,15,业绩大幅预增，公司价值逐步凸显,46560
07-07 13:22,002013,长城证券股份有限公司,强烈推荐,10,公司动态点评：大幅调增业绩预告，“有业绩”逻辑逐步得到印证,51774
04-28 10:31,600038,华泰证券,买入,0,大额订单对业绩产生积极影响,4119
04-28 10:28,600038,华泰证券,买入,0,预收款大幅增长，全年业绩有保证,3016
04-28 10:26,600038,东方证券,买入,0,业绩稳健增长，期待新品突破,3401
04-28 10:22,600038,华泰证券,买入,0,业绩超预期，公司受益行业景气周期,2760
04-28 10:21,600038,中信建投,增持,0,毛利率显著提升，重组打造直升机龙头,3626
04-28 10:15,600038,华泰证券,买入,0,从市净率角度看公司已具投资价值,1942
04-28 10:11,600038,东方证券,买入,0,增发注入有望打造直升机产业龙头,2532
04-28 10:11,600038,广发证券,买入,0,重大资产重组草案点评,2354
03-29 14:26,600893,开源证券,买入( Buy),0,2018年报业绩点评：航发业务进入高景气周期 政策扶持提升潜力,15041
03-29 00:00,600893,华泰证券股份有限公司,买入,6,期间费用明显改善，毛利下滑拖累业绩释放,9481
03-05 14:35,600893,浙商证券股份有限公司,增持,14,航发动力点评报告：继续看好航空发动机行业高景气度,30470
02-01 10:49,600893,长江证券股份有限公司,买入,5,轻装前行的航发巨头,20162
12-26 18:03,600893,国海证券股份有限公司,增持,10,动态点评：减负增效，加快前行,24500
12-04 13:03,600893,浙商证券股份有限公司,增持,15,航发动力深度报告：军用航空发动机龙头企业，独享行业高景气度,63125
11-06 19:57,600893,中航证券,持有,5,公司2018年三季度点评：航发市场逐步释放，公司盈利显著增强,39638
10-21 00:00,600893,广发证券,持有,0,雄关漫道，迈步艰难，何时从头越？,602
09-23 00:00,600893,华泰证券,买入,0,飞机“中国心”，成长可期,833
09-02 00:00,600893,光大证券,买入,0,航空动力中报电话会议纪要,567
07-27 00:00,600893,中投证券,推荐,0,航空工业之花，蓄势起飞,442
06-29 00:00,600893,国海证券,增持,0,"重组继续,曙光犹存",651
08-28 20:51,002013,光大证券股份有限公司,,1,机电转债（128045）发行点评报告：机电转债投资价值分析：稀缺标的，积极申购,24389
08-28 19:08,002013,中信建投,买入,1,军用机载系统垄断企业，拓展民用增强维修潜力巨大,28671
08-27 13:14,002013,招商证券股份有限公司,强烈推荐,0,可转债顺利获批，公司发展再添动力！,17405
08-24 21:58,002013,招商证券股份有限公司,,3,机电转债申购定价分析,40858
08-24 00:00,002013,兴业证券股份有限公司,,0,机电转债投资价值分析：航空机电设备领导者,5017
08-24 00:00,002013,国信证券股份有限公司,,0,机电转债申购价值分析：国家航空机电业务整合平台，高评级军工特色标的,228
08-14 16:11,002013,东兴证券股份有限公司,强烈推荐,5,事件点评：中航机电系列报告之三：民机大飞机产业提供历史机遇,35255
07-06 16:49,002013,广发证券股份有限公司,买入,1,上调中报业绩区间,48723
07-06 13:30,002013,招商证券股份有限公司,强烈推荐,5,半年业绩预报大幅上调，全年业绩可期,58869
06-28 12:05,002013,招商证券股份有限公司,强烈推荐,2,平台地位明确，员工激励典范，内生外延兼备,42961
06-27 08:50,002013,招商证券,强烈推荐,1,平台地位明确，员工激励典范，内生外延兼,36534
04-27 10:19,002013,广发证券股份有限公司,买入,11,业绩快速增长，资产整合有望加速,37217
04-10 12:31,002013,广发证券股份有限公司,买入,7,业绩超预期，后续资本运作有望加速,12.1万
04-08 15:33,002013,长城证券有限责任公司,强烈推荐,9,年报点评：盈利好于预期，期待资产注入,32640
04-28 10:10,600038,东方证券,买入,0,莱格赛600/650获发改委批复 安博威后续发展动力足,2581
04-28 10:08,600038,平安证券,推荐,0,收购将降低业绩3%，仍有1倍资产注入预期,2463
04-28 10:08,600038,中投证券,中性,0,重组方案增强公司竞争力,2569
04-28 10:08,600038,东兴证券,强烈推荐,0,注入资产 迎战通航,2508
04-28 10:08,600038,安信证券,买入,0,注入资产规模超预期,2789
04-28 10:08,600038,广发证券,买入,0,直升机平台确定，等待后续盈利预测,2159
04-28 10:06,600038,中投证券,推荐,0,等待资产重组方案,2500
04-28 10:06,600038,北京高华,中性,0,业绩符合预期：一季度直升机交付量稳健；中性,1967
11-02 16:25,600893,中信建投,买入,4,聚焦主业营收稳定增长，三费降低净利大幅提升,77093
11-02 09:57,600893,长江证券股份有限公司,买入,8,科技强军，厚积薄发,96208
11-01 10:08,600893,兴业证券股份有限公司,审慎增持,2,航空发动机龙头厚积薄发期间费用、投资收益大幅增厚利润,94627
10-31 15:57,600893,华泰证券股份有限公司,买入,4,利润保持快速增长，业绩拐点有望到来,43904
10-31 15:17,600893,开源证券股份有限公司,买入( Buy),4,2018年三季报业绩点评：财务结构改善提升盈利 未来航发巨头起步,46818
10-31 15:15,600893,国海证券股份有限公司,增持,4,事件点评：业绩大幅增长，能力持续提升,41103
10-31 10:07,600893,招商证券股份有限公司,强烈推荐,1,聚焦航发主业，期间费用下降提高公司盈利能力,20689
08-07 20:25,002013,招商证券股份有限公司,强烈推荐,21,机电龙头，迎风起航！,50122
08-07 08:23,002013,国海证券股份有限公司,买入,7,动态点评：行业景气向上，公司发展向好,24518
08-03 16:22,002013,东兴证券股份有限公司,强烈推荐,6,事件点评：中航机电系列报告之一：机电系统唯一整合平台，航空主业内生增长稳健,35994
06-28 19:49,002013,申万宏源证券有限公司,买入,9,内生外延双线出击，机电龙头舍我其谁,49911
06-24 08:34,002013,川财证券有限责任公司,增持,4,航空机电上市平台，军民品业务空间大,60156
06-12 11:32,002013,中信建投,买入,5,机载系统公司组建推动技术协同，航机电发展或迎空前机遇,85167
06-11 14:17,002013,国海证券股份有限公司,买入,2,事件点评：航空装备产业机遇期，合并加速专业化发展,26500
08-22 01:25,002190,华金证券股份有限公司,增持,8,传统主业表现亮眼，锂电业务有望触底反弹,11.4万
03-16 09:36,002190,华金证券有限责任公司,增持,19,17年继续扩张产能，锂电潜在龙头,10.9万
02-13 00:00,002190,太平洋证券股份有限公司,买入,8,动力电池业绩稳增，未来持续看好,31331
01-17 00:00,002190,光大证券股份有限公司,买入,4,军转民典范，新能源先锋,25639
10-21 17:51,002190,华金证券有限责任公司,增持,11,业绩增长不及预期，产能释放时点将近,77854
10-21 00:00,002190,华泰证券股份有限公司,买入,0,锂电池产能释放，三季度业绩快速增长,2960
09-05 00:00,002190,华泰证券股份有限公司,买入,0,锂电布局丰收，产能扩张打造行业巨头,2657
04-08 15:31,002013,渤海证券股份有限公司,增持,1,年报点评：航空板块发展良好，优质资产注入可期,22059
04-08 14:30,002013,广发证券,买入,9,业绩超预期，后续资本运作有望加速,31036
04-08 09:57,002013,招商证券股份有限公司,强烈推荐,1,业绩超预期，员工激励正面效果凸显,24454
01-22 16:29,002013,广发证券股份有限公司,买入,9,业绩快速增长，非公开发行获批，资本运作有望提速,54167
01-21 07:28,002013,招商证券股份有限公司,强烈推荐,11,航空机电交付超预期，进入业绩快速增长期,49425
01-19 16:48,002013,海通证券股份有限公司,买入,10,公司跟踪报告：业绩快报符合预期，航空机电龙头价值处洼地,53377
12-18 20:42,002013,长城证券,强烈推荐,11,公司动态点评：增发过会，资产注入序幕拉开,55664
04-28 10:04,600038,东方证券,买入,0,直升机需求旺盛 一季度业绩快速增长,2354
04-28 09:59,600038,平安证券,推荐,0,业绩低于预期，未来受益直升机大发展,2692
04-28 09:58,600038,上海证券,中性,0,内生增长动力不足，寄望资产注入助力,2401
04-28 09:58,600038,东方证券,买入,0,航空产品快速增长 投资收益拉低业绩,2081
04-28 09:58,600038,方正证券,买入,0,直升机龙头静待资产注入,2072
04-28 09:58,600038,宏源证券,无,0,内生+外延，步入发展新阶段,2209
04-28 09:58,600038,安信证券,买入,0,资产重组是重点，业绩不达预期是点小浮云,2683
04-28 09:15,600038,安信证券,买入,0,型号产品开花结果，资产注入大幕将开,2631
10-24 18:06,600893,招商证券股份有限公司,强烈推荐,21,航发“中国心”，厚积薄发破茧而出,47186
09-10 13:10,600893,华泰证券股份有限公司,买入,21,澎湃“中国心”，助力“中国梦”,40922
09-04 13:23,600893,中航证券,持有,3,公司2018年半年报点评：聚焦航空主业，发动机需求释放可期,52093
09-03 10:24,600893,长江证券股份有限公司,买入,2,航发主业增长稳定，经营效率稳步提升,21744
08-30 09:48,600893,中信建投,买入,4,航发产业核“心”龙头，聚焦主业稳步前行,18215
08-30 09:42,600893,中信建投,买入,0,聚焦主业净利大幅提升，全年业绩稳增高度可期,11410
08-29 21:29,600893,光大证券股份有限公司,增持,5,2018年中报点评：聚焦主业交付提速，优化费用业绩大增,17312
05-03 09:16,600760,申万宏源证券有限公司,买入,10,2018Q1业绩表现超预期，坚定看好公司投资机会,40105
05-02 17:18,600760,招商证券股份有限公司,强烈推荐,9,推进均衡生产效果显著,25113
05-02 17:00,600760,东吴证券股份有限公司,买入,9,收入利润大幅提升，成本费用率趋稳,26573
04-25 14:45,600760,国泰君安证券股份有限公司,增持,13,首次覆盖报告：战斗机龙头，高成长可期,93319
04-25 14:09,600760,东兴证券股份有限公司,强烈推荐,25,深度报告：飞机中的战斗机，畅享高景气周期,10.9万
04-18 21:55,600760,东吴证券股份有限公司,买入,22,深度报告：主力战机列装带动业务快速发展,54956
10-28 14:11,600893,渤海证券股份有限公司,增持,9,半年报点评：业绩符合预期 静待国家航空发动机公司成立,12861
10-28 14:08,600893,中信证券股份有限公司,增持,9,2015年三季报点评：关注航空发动机板块主题投资机会,10554
10-09 13:10,600893,东北证券股份有限公司,买入,1,航空发动机龙头，两机专项落地在望,12333
09-02 08:26,600893,海通证券股份有限公司,买入,9,盈利能力显著提升，发动机龙头静待风起,12118
06-11 10:31,002013,东兴证券股份有限公司,强烈推荐,3,事件点评：控股股东整合，显著利好民机业务拓展,73644
06-11 09:32,002013,招商证券股份有限公司,强烈推荐,3,拟组建机载系统公司，协同发展前景可期！,25403
04-24 19:20,002013,东兴证券股份有限公司,强烈推荐,7,一季报点评：净利润同比大增，军品收入确认和回款持续改善,14.9万
04-24 15:29,002013,国海证券股份有限公司,买入,1,事件点评：利润快速增长，广阔前景可期,22362
04-24 14:50,002013,中信建投,买入,0,一季度业绩大幅提升，主业放量保障全年增长,14130
04-23 19:48,002013,方正证券股份有限公司,推荐,2,2018Q1业绩快速增长，看好公司机电业务发展,16566
04-23 15:36,002013,招商证券股份有限公司,强烈推荐,1,一季度业绩大幅改善，内生外延推动全年业绩增长,15549
08-11 19:28,002190,华金证券有限责任公司,买入,15,业绩翻倍，未来可期！,77938
07-12 20:15,002190,华金证券有限责任公司,买入,17,募资17.5亿，中航锂电（洛阳）三期15.4亿瓦时产能将顺利释放,87955
05-03 14:11,002190,招商证券,强烈推荐,11,锂电池业务助推公司业绩大增，未来增长趋势有望保持,58464
04-22 15:54,002190,华金证券,买入,15,锂电收入同比增147.3%，16年迎业绩高增长,47340
02-24 22:12,002190,,,16,2.24机构荐股一览：6只个股还能涨4成以上！,89094
02-24 14:52,002190,华金证券有限责任公司,买入,11,见龙在田，振翅欲飞！,10.1万
01-19 17:10,002190,华金证券有限责任公司,买入,28,业绩反转变身锂电王牌，未来三年或持续翻番,10.3万
12-09 13:27,002190,华金证券有限责仸公司,买入,40,被遗忘的锂电王者-强势回归！,13.0万
12-16 16:24,002190,华融证券股份有限公司,,75,军工资产证券化遇重大挫折,86851
12-17 21:15,002013,海通证券,买入,10,公司公告点评：增发过会，航空机电龙头静待风起,52548
11-27 16:12,002013,长城证券股份有限公司,强烈推荐,5,公司动态点评：非公开发行调减3亿，或于年底前获批,11436
11-13 18:17,002013,长城证券股份有限公司,强烈推荐,11,公司深度报告：中国制造2025定调，内外前景俱佳,12383
11-03 09:11,002013,招商证券股份有限公司,强烈推荐,5,三季度发力，业绩降幅收窄,7954
10-29 13:41,002013,广发证券股份有限公司,买入,3,季报点评：第三季度业绩快速恢复，资产整合稳步推进,8473
10-28 16:04,002013,长城证券股份有限公司,强烈推荐,4,公司动态点评：三季度业绩明显好转，毛利率和净利率创历史最高水平,5272
10-28 14:05,002013,海通证券股份有限公司,买入,7,公司跟踪报告：三季报符合预期，航空机电龙头价值仍被低估,8920
08-31 00:00,600038,广发证券,持有,0,"航空产品收入增长,毛利率略升,回款较好冲回减值损失",1524
08-29 16:11,600893,开源证券股份有限公司,买入( Buy),8,2018年半年报业绩点评：国家支持改善财务结构 未来航发巨头起步,23570
08-29 07:23,600893,国海证券股份有限公司,增持,5,事件点评：收入增长费用减少，航发龙头业绩大幅增长,17387
08-28 13:39,600893,兴业证券股份有限公司,审慎增持,3,期间费用大减提升利润 航空发动机龙头厚积薄发,22903
08-28 10:54,600893,招商证券股份有限公司,强烈推荐,1,航空主业增长趋势明确，期间费用减少提高公司盈利能力,24711
08-28 10:29,600893,方正证券股份有限公司,推荐,3,中报业绩高速增长，看好公司航空发动机产业长期发展,27527
08-10 14:43,600893,长江证券股份有限公司,买入,5,高端制造引领者，受益国家制造业升级,36415
04-11 17:01,600760,申万宏源证券有限公司,买入,29,业绩弹性新突破，重型战机傲九天,68736
04-04 07:18,600760,国海证券股份有限公司,增持,11,事件点评：多项指标向好，广阔前景可期,45708
04-04 00:00,600760,中信建投,买入,0,歼击机唯一上市平台，需求饱满助业绩稳增,4178
04-03 17:13,600760,安信证券股份有限公司,买入,10,17年归母净利润7.07亿，同比增长25.58%,39717
04-03 13:14,600760,东兴证券股份有限公司,强烈推荐,4,2017年报点评：业绩兑现超预期，持续增长仍可期,32310
04-03 11:03,600760,东吴证券股份有限公司,买入,11,业绩稳步增长，预收大增体现产品需求旺盛,29236
04-03 00:00,600760,兴业证券股份有限公司,审慎增持,0,军工核心资产，业绩快速增长,525
04-02 10:55,600760,招商证券股份有限公司,强烈推荐,16,业绩符合预期，战斗机王牌前景广阔！,78673
04-02 00:00,600760,方正证券,推荐,0,扣非净利润稳定增长，持续受益新型战机量产,272
08-30 10:21,600893,华创证券,推荐,9,业绩符合预期，航空发动机龙头值得期待,10621
08-27 13:38,600893,招商证券股份有限公司,强烈推荐,5,盈利能力提升，产融结合不断深化,9781
08-27 11:23,600893,东北证券股份有限公司,买入,3,战略性削减服务业，未来发展可期,8205
08-26 14:03,600893,渤海证券,增持,11,半年报点评：发动机业务稳步增长 资产注入仍可期,12647
08-26 13:51,600893,中信证券股份有限公司,增持,8,2015年中报点评：业绩表现靓丽，专项落地可期,10139
08-26 11:15,600893,上海申银万国证券研究所有限公司,增持,12,航空发动机龙头，静待重大专项落地,91562
08-25 14:38,600893,中国国际金融股份有限公司,推荐,8,业绩符合预期，航空发动机需求增长,22479
04-13 08:51,002013,东兴证券股份有限公司,强烈推荐,2,年报点评：收购公司业绩超预期，上调公司盈利预测,27769
04-10 09:36,002013,方正证券股份有限公司,推荐,4,收购标的业绩大超预期，持续看好公司机电业务及资本运作,15428
04-09 16:30,002013,招商证券股份有限公司,强烈推荐,2,收购标的业绩超预期，有望实现规模和协同效应,17895
04-09 10:32,002013,兴业证券股份有限公司,审慎增持,0,新航三江并表增厚业绩，板块整体上市稳健推进,34736
04-04 16:31,002013,联讯证券,买入,1,【联讯军工公司深度】：军机升级换代进入兑现阶段，机电系统龙头受益量价齐增,116万
04-04 15:51,002013,联讯证券股份有限公司,买入,3,【联讯军工公司深度】中航机电：军机升级换代进入兑现阶段，机电系统龙头受益量价齐增,99.5万
03-21 12:25,002013,招商证券股份有限公司,强烈推荐,0,民机领域拓展可期，可转债顺利通过助力公司大发展！,21568
12-15 13:24,002190,中信建投,,52,终止重组点评,93153
11-18 10:48,002190,中信建投证券,,59,成飞集成公布重组草案,12.6万
05-23 10:15,002190,民生证券股份有限公司,强烈推荐,23,锂业务正逐渐减亏，重组带来新契机,24412
05-22 09:55,002190,长城证券有限责任公司,强烈推荐,29,重组方案公布，未来防务公司唯一平台,36816
05-20 11:34,002190,中国银河证券股份有限公司,推荐,22,重组为航空防务平台 投资价值大幅提升,24676
05-19 10:24,002190,中信建投,买入,24,航空防务装备巨头腾飞在即，军工板块有望整体走强,23587
03-06 14:24,002190,财达证券有限责任公司,买入,24,资产重组方案落地 注入预期仍存想象空间,52076
02-24 13:53,002190,财达证券有限责任公司,增持,11,重大资产重组新进展点评,22630
01-19 15:47,002190,财达证券有限责任公司,增持,13,资产重组进程事件点评,22892
10-27 19:57,002013,中信证券,买入,1,2015年三季报点评：业绩符合预期，关注下一步资本运作,5762
09-01 13:23,002013,招商证券股份有限公司,强烈推荐,10,利润下滑趋势将于三季度彻底扭转，资本运作助力公司跨越发展,8993
08-28 20:13,002013,广发证券股份有限公司,买入,2,资产整合稳步推进，业绩下滑无碍全年稳增长,6113
08-27 18:35,002013,海通证券股份有限公司,买入,3,公司跟踪报告：上半年业绩下滑不影响全年稳增，航空机电龙头价值仍被低估,8765
08-27 15:03,002013,中信证券股份有限公司,买入,8,2015年中报点评：关注下一步资本运作,8323
08-19 15:58,002013,渤海证券股份有限公司,增持,12,事件点评：增资防务资产，共享资产证券化盛宴,10896
07-28 16:29,002013,渤海证券股份有限公司,增持,7,调研简报：定增改善财务结构，资产注入预期强烈,9099
07-03 15:29,600893,国海证券股份有限公司,增持,3,事件点评：实力提升业绩增长，增持提振市场信心,37156
07-03 13:24,600893,招商证券股份有限公司,强烈推荐,6,实际控制人增持彰显发展信心，看好公司业绩加速改善,26155
05-21 19:56,600893,国海证券股份有限公司,增持,31,深度报告：装备建设促增长，实力提升担大任,62078
05-11 15:57,600893,长江证券股份有限公司,买入,8,历史机遇开启只待努力前行，打造航发龙头动力更加强劲,61276
05-09 12:03,600893,国海证券股份有限公司,增持,20,动态点评：军机需求释放，业绩增长有望,43303
05-02 10:20,600893,方正证券股份有限公司,推荐,12,2018Q1净利润增长较快，预计全年保持稳增态势,44599
04-02 00:00,600893,兴业证券股份有限公司,审慎增持,0,稳健增长 厚积薄发,5037
04-02 00:00,600760,方正证券股份有限公司,推荐,0,扣非净利润稳定增长，持续受益新型战机量产,639
04-02 00:00,600760,天风证券股份有限公司,买入,0,首份答卷振奋人心，毛利率与研发费用齐升预示未来,1275
03-13 10:36,600760,安信证券股份有限公司,买入,44,雄鹰展翅六十载 鹏程万里领风骚,66430
03-07 19:38,600760,东兴证券股份有限公司,强烈推荐,38,事件点评：军品核心资产，畅享景气周期,52.1万
01-31 14:54,600760,安信证券股份有限公司,买入,40,2017年预计归母净7.06亿，超市场预期,84738
01-30 10:19,600760,国海证券股份有限公司,增持,42,动态点评：战斗机龙头出击，充分受益国防现代化建设,57995
01-29 16:10,600760,中银国际证券股份有限公司,,38,中航沈飞业绩预告点评：净利润超预期，但估值仍偏高，建议谨慎关注,69399
01-29 13:14,600760,东兴证券股份有限公司,强烈推荐,20,业绩预增点评：全年业绩大幅超预期，战机第一股迎来型号交付高峰,51111
08-07 10:31,600893,东北证券股份有限公司,买入,17,公司调研报告：航空发动机龙头，两机专项最大受益者,83265
05-27 08:46,600893,中国国际金融有限公司,推荐,15,受益空军攻防兼备型转变,14155
04-29 10:31,600893,招商证券股份有限公司,强烈推荐,11,业绩稳步增长，加快专业整合迎接重大专项,31426
04-27 11:13,600893,华创证券有限责任公司,推荐,37,主营业务稳中有进，行业龙头值得期待,18201
04-26 11:37,600893,海通证券股份有限公司,买入,14,业绩符合预期，静待专项强力扶持,11882
04-24 15:42,600893,方正证券股份有限公司,强烈推荐,13,“两机”龙头引领行业整合，专项资金投入焕发新价值,27270
04-24 10:12,600893,中国银河证券股份有限公司,推荐,2,业绩符合预期，未来将持续受益于航空发动机的发展,10961
03-20 15:09,002013,招商证券,强烈推荐,0,民机领域拓展可期，转债顺利通过助力公司大发！,32991
03-20 10:44,002013,东吴证券股份有限公司,买入,1,中航机电点评：发行可转换债券方案获证监会通过，收购与募投项目进入实施期,42519
03-19 14:13,002013,东吴证券股份有限公司,买入,1,中航机电点评：签署合作备忘录，推进民用航空领域布局,51665
03-08 10:50,002013,联讯证券股份有限公司,买入,3,2017年业绩符合预期，军费提速未来三年成长加速,264万
03-07 10:40,002013,东吴证券股份有限公司,买入,1,2017年经营状况良好，2018年目标增速高,61980
03-07 09:25,002013,东北证券股份有限公司,买入,1,主营业务稳步增长，盈利能力持续提升,44406
01-02 08:31,002190,世纪证券有限责任公司,增持,6,预计明年锂电池业务将会好转,14647
12-02 09:18,002190,世纪证券,增持,4,汽车模具业务基本稳定，未来增长看锂电,7850
09-16 09:14,002190,兴业证券,中性,5,模具主业平稳发展，锂电池业务放量尚待政策支持,12474
08-19 17:04,002190,光大证券,中性,12,光明的未来 曲折的道路,11159
08-17 13:13,002190,中山证券,,20,国际市场拓展得力，锂电业务等待发力,15235
04-28 10:26,002190,第一创业,无,0,期望杭州电动车租赁项目运作顺利,4012
04-28 10:11,002190,东兴证券,推荐,0,试水租赁 意义非凡,4623
02-26 00:00,002190,第一创业,,0,中航锂电管理费用增长过快影响利润,11
08-28 00:00,002190,西南证券,中性,0,价值链渐次展开,44
07-20 13:26,002013,银河证券,推荐,4,激励机制将到位，公司发展如虎添翼,10671
07-20 10:37,002013,招商证券股份有限公司,强烈推荐,4,员工持股方案获国资委通过，具备范本意义,8103
07-17 17:15,002013,海通证券股份有限公司,买入,1,公司跟踪报告：定增获国资委批复，增持彰显信心,7752
07-17 11:31,002013,中信证券,买入,1,重大事项点评：增发获国资委批复，资产注入箭在弦上,7951
07-17 09:09,002013,广发证券股份有限公司,买入,0,公告点评：非公开发行获国资委批复，军工国企激励增活力,6743
07-16 14:50,002013,海通证券股份有限公司,买入,6,公司跟踪报告：高管增持释放利好信号，机电板块整合持续推进,7373
07-13 15:14,002013,广发证券股份有限公司,买入,2,增持彰显信心，航空机电龙头值得拥有,8393
04-01 15:42,600893,东吴证券股份有限公司,增持,4,年报点评：航空发动机主业稳定增长，经营性现金流显著好转,60270
03-30 18:04,600893,广发证券股份有限公司,买入,0,处置非核心资产导致净利润增长，长期看好发动机业务发展,24525
03-30 14:18,600893,东兴证券股份有限公司,强烈推荐,5,2017年度财报点评：经营性业绩低于预期，不改长期看好逻辑,27607
03-30 09:35,600893,招商证券股份有限公司,强烈推荐,3,航空主业保持稳定增长，看好公司长期前景！,20800
02-08 21:10,600893,国海证券股份有限公司,增持,22,动态点评：航空发动机龙头迎来战略机遇期,17.5万
12-22 12:12,600893,东兴证券股份有限公司,强烈推荐,19,势已形成 化茧成蝶,73845
11-10 09:07,600893,华金证券股份有限公司,增持,8,聚焦主业显成效，航发业务长期看好,54241
01-29 13:12,600760,光大证券股份有限公司,增持,18,2017年业绩超预期，战机旗舰正式起航,39884
01-29 11:21,600760,东吴证券股份有限公司,增持,14,沈飞集团经营状况良好，看好公司长期发展前景,40172
01-29 08:30,600760,招商证券股份有限公司,强烈推荐,16,业绩增长明确，前景继续看好！,44564
01-15 12:39,600760,招商证券,强烈推荐,78,正式更名“中航沈飞”，战斗机王牌起航！,67672
01-15 08:40,600760,招商证券股份有限公司,强烈推荐,108,正式更名“中航沈飞”，战斗机王牌起航！,11.7万
10-23 14:59,600760,光大证券股份有限公司,增持,142,重组过会，成战斗机第一股,26.9万
08-22 08:54,600760,太平洋证券股份有限公司,增持,25,传统主业同比减亏，沈飞注入前景可期,14.2万
04-12 08:43,600760,光大证券股份有限公司,增持,45,发布重组草案，沈飞上市稳步推进,20.2万
04-11 20:12,600760,招商证券股份有限公司,强烈推荐,52,配套融资按照新规调整，减少摊薄效应继续看好！,93710
04-23 14:56,600893,申万宏源,增持,11,发动机整机龙头，有望受益于重大专项出台,36433
04-23 10:55,600893,中信证券股份有限公司,增持,2,2014年年报点评：业绩符合预期，期待专项落地,10438
04-23 10:00,600893,中国国际金融有限公司,推荐,8,业绩符合预期，受益政策支持,10247
04-23 09:22,600893,广发证券股份有限公司,买入,0,14年业绩符合预期，15年经营目标注重结构调整,9809
04-16 13:59,600893,中国银河证券股份有限公司,推荐,2,整合精铸业务，持续受益于航空发动机的发展,9624
04-15 16:17,600893,招商证券股份有限公司,强烈推荐,9,成立“中航精铸”，内部专业化整合开始,27809
03-19 13:21,600893,海通证券股份有限公司,买入,19,航空发动机龙头，重大专项有望超预期扶持,14980
11-29 00:00,002190,天相投顾,,0,央企嫡传 腾飞在即,16
11-20 00:00,002190,西南证券,,3,成飞集成：合理价格12~15 元,917
11-07 08:25,600893,中航证券,持有,7,公司2017三季报点评：业绩稳定增长，航发龙头蓄势待发,40434
11-01 08:11,600893,光大证券股份有限公司,增持,10,三季报符合预期，航发及衍生产品交付较上年同期增加,30044
10-31 14:50,600893,招商证券股份有限公司,强烈推荐,7,瘦身健体效果显现，增发完成改善财务结构,27177
10-30 17:42,600893,开源证券股份有限公司,买入( Buy),6,2017年三季报点评：政策扶植推动发展 溢价增发显示潜力,26137
10-30 16:46,600893,东兴证券股份有限公司,强烈推荐,3,2017三季度财报点评：资产负债表改善明显，长期成长逻辑将逐步兑现,18808
10-26 10:33,600893,东兴证券股份有限公司,强烈推荐,12,事件点评：对航发动力的三点思考,57326
10-10 15:20,600893,招商证券股份有限公司,强烈推荐,7,非公开发行完成，有效改善公司资本结构,41537
03-03 16:57,600760,招商证券股份有限公司,强烈推荐,54,原有业务将被置出，沈飞注入前景看好！,14.5万
03-03 14:12,600760,光大证券股份有限公司,增持,36,摘帽在即，值得配置,69515
02-16 00:00,600760,光大证券股份有限公司,增持,23,沈飞业绩超预期，未来配置价值凸显,50163
01-18 00:00,600760,光大证券股份有限公司,增持,9,中国战斗机巨头横空出世,47287
12-13 00:00,600760,招商证券股份有限公司,强烈推荐,1,核心防务资产注入揭开序幕！,13255
12-09 00:00,600760,华金证券有限责任公司,买入,1,沈飞集团注入，或重燃军工资产证券化提速预期,11574
12-01 00:00,600760,开源证券股份有限公司,增持,1,*ST黑豹资产重组方案点评：沈飞集团整体注入 防务巨头进入市场,13365
11-30 00:00,600760,长城证券股份有限公司,强烈推荐,0,公司动态点评：沈飞防务平台确定，资产注入类上市公司迎配置时机,6261
11-30 00:00,600760,安信证券股份有限公司,买入,0,ST黑豹变黑马，注入沈飞超预期,12604
01-23 14:00,600893,东兴证券股份有限公司,强烈推荐,14,航空发动机整机龙头，政策驱动行业高速发展,17133
01-20 16:25,600893,国元证券股份有限公司,买入,18,受益国产发动机研制提速 期待政策超预期扶持,14760
10-29 16:23,600893,中国银河证券股份有限公司,推荐,3,业绩略超预期，未来在政策支持下将持续高速发展,8322
10-28 16:39,600893,中国国际金融有限公司,推荐,4,业绩符合预期，静待航空发动机政策支持,10933
10-28 15:21,600893,中信证券股份有限公司,增持,2,盈利持续改善，关注发动机相关政策落地,11469
10-23 14:12,600893,中国国际金融有限公司,推荐,9,业绩显著增长，航空发动机有望迎来春天,13175
09-14 00:00,600893,招商证券股份有限公司,强烈推荐,0,盈利能力大幅增强，发动机产业收入毛利双升,758
09-13 09:39,600893,东兴证券股份有限公司,强烈推荐,24,深度报告：势已形成 化茧成蝶,58186
09-04 09:53,600893,太平洋证券股份有限公司,增持,5,结构调整显成效，两机专项助成长,35892
08-31 09:40,600893,光大证券股份有限公司,增持,7,航空发动机交付提速，全年有望保持高增长,40325
08-30 11:07,600893,广发证券股份有限公司,买入,8,利润增长,31304
08-29 10:35,600893,招商证券股份有限公司,强烈推荐,17,航空发动机主业稳健增长，增发获批如虎添翼！,35267
07-12 17:04,600893,光大证券股份有限公司,增持,7,业绩增长明显，定增过会有望更上一层楼,63478
07-12 11:31,600893,招商证券股份有限公司,强烈推荐,15,非公开发行审核通过，航空发动机龙头腾飞在即！,89676
06-18 14:53,600760,海通证券股份有限公司,,27,公司研究报告：中航工业车辆平台，存资产整合预期,74027
08-28 16:31,600893,广发证券股份有限公司,买入,8,业绩大幅增长，整合效应初显,13362
08-28 15:55,600893,中信证券股份有限公司,增持,5,国家政策支持有望拉动航空发动机超预期发展,15116
08-28 13:47,600893,上海申银万国证券研究所有限公司,买入,8,发动机龙头净利润同比增长122%，维持买入评级,20689
08-26 18:20,600893,海通证券股份有限公司,买入,21,重组并表将明显增厚业绩，改革预期有望利好公司,40827
05-28 00:00,600893,上海申银万国证券研究所有限公司,买入,0,变革和需求双重受益，维持买入评级！,488
05-18 17:14,600893,中信证券股份有限公司,增持,17,重组获证监会核准，未来成长动力充沛,22090
04-23 07:48,600893,中国国际金融有限公司,推荐,5,通过证监会相关审核，期待重组后加速成长,14733
07-10 08:50,600893,招商证券股份有限公司,强烈推荐,4,业绩同比大幅增长，聚焦主业战略成果显现,33331
06-28 13:24,600893,光大证券股份有限公司,增持,35,国产航空发动机龙头静待抬头,48925
06-08 18:07,600893,招商证券股份有限公司,强烈推荐,16,新格局，大机遇，航空发动机龙头蓄势待发,57574
03-17 14:39,600893,招商证券股份有限公司,强烈推荐,11,航空发动机主业保持稳定增长，迎来历史发展机遇！,58577
03-17 14:00,600893,开源证券有限责任公司,增持,3,2016年报点评：航发集团核心企业重大专项助力发展,41882
03-17 11:20,600893,广发证券股份有限公司,买入,2,16年业绩符合预期，17年聚焦主业、提升转包和非航业务层次,23093
11-30 00:00,600893,国元证券股份有限公司,买入,2,轻装上阵，蓄势待发,9370
04-17 15:25,600893,广发证券股份有限公司,买入,8,重大资产重组审核通过,20444
04-17 00:00,600893,上海申银万国证券研究所有限公司,买入,0,发行股份购买资产并配套融资通过证监会审核，目标价上调为30元，买入！,974
04-02 09:34,600893,中国银河证券股份有限公司,推荐,3,维修业务增长较好 资产重组将大幅提升价值,10543
04-01 14:04,600893,山西证券股份有限公司,增持,1,2013业绩平稳增长 2014看重组和政策,10688
03-30 11:06,600893,广发证券股份有限公司,买入,1,业绩符合预期，14年静待重组完成,10889
03-28 16:10,600893,北京高华证券有限责任公司,买入,0,业绩符合预期：售后业务推动核心利润率增强,8524
03-28 14:09,600893,中国国际金融有限公司,推荐,8,13年业绩符合预期，期待资产注入完成,10743
11-09 08:50,600893,广发证券股份有限公司,买入,9,拟募资不超百亿，中国航发认购45亿彰显支持力度,78912
11-08 15:47,600893,招商证券股份有限公司,强烈推荐,21,资本结构改善，盈利能力提高，航空发动机龙头蓄势待发,49066
08-26 15:49,600893,广发证券股份有限公司,买入,1,产品结构持续调整，两机专项有望年内启动,48334
08-26 09:52,600893,招商证券股份有限公司,强烈推荐,4,偶然因素影响公司业绩，聚焦主业看好公司未来发展,27640
08-26 09:10,600893,招商证券,强烈推荐,4,偶然因素影响公司业绩，聚焦主业看好公司未来发,13593
06-08 20:49,600893,长雄证券,,45,沪港通专栏：中航动力,10.3万
05-03 13:39,600893,招商证券,强烈推荐,7,航空发动机主业稳步增长，迎来历史发展机遇,58225
03-28 13:47,600893,平安证券有限公司,强烈推荐,10,重组红利与政策红利双轮驱动,12407
02-24 11:01,600893,财达证券有限责任公司,增持,30,资产重组最新动态点评,31044
12-13 16:51,600893,西南证券,增持,10,各业务发展顺利，创建航空发动机平台,14729
12-11 17:16,600893,天相投资,增持,8,整机制造资产注入公告书发布,17939
12-10 15:51,600893,广发证券,买入,5,收购百亿资产，国内航空发动机核心平台渐成,10930
12-10 14:06,600893,申银万国证券,买入,4,公告收购后盈利预测，维持买入评级！,12718
12-10 11:07,600893,平安证券,强烈推荐,6,航空发动机龙头地位再巩固,12337
05-14 16:49,600760,国信证券股份有限公司,买入,27,中国战斗机第一股，海空军航空兵建设骨干企业,15181
05-05 09:41,600760,申万宏源,买入,9,生产任务饱满、产能利用率提升，业绩亮眼超预期,17908
04-29 23:06,600760,浙商证券股份有限公司,增持,12,中航沈飞2019年一季报点评：深化推进均衡生产，一季度业绩创历史新高,22155
04-29 16:07,600760,兴业证券股份有限公司,审慎增持,0,均衡生产显著提升营收 毛利率期间费用改善实现扭亏,13206
05-03 00:00,600893,上海申银万国证券研究所有限公司,增持,0,中国航发组建顺利，公司业绩稳步增长,1731
04-22 13:44,600893,广发证券股份有限公司,买入,3,15年报符合预期，16年继续聚焦主业、缩减非航,32649
11-03 09:23,600893,华金证券有限责任公司,增持,8,配套波动引收入微调，关注资产整合和两机专项,34339
11-02 10:27,600893,招商证券股份有限公司,强烈推荐,13,业绩稳定增长，航空发动机龙头企业发展迎来拐点,19127
11-01 13:49,600893,中国银河证券股份有限公司,推荐,9,航空发动机迎来大时代，公司显著受益,18422
10-30 17:52,600893,广发证券股份有限公司,买入,3,业绩符合预期，结构调整、降非航规模效果初显,8639
10-29 14:24,600893,上海申银万国证券研究所有限公司,增持,16,航空发动机龙头，静待重大专项落地,28071
12-10 09:20,600893,中信证券,增持,6,航空发动机平台确立 看好中长期发展,10738
11-21 19:47,600893,天相投资,增持,3,与GE签订1.18亿美元发动机零件合同,5730
10-30 17:01,600893,国海证券,买入,7,业绩稳定增长，资产注入进展良好(买入),13099
10-18 11:07,600893,银河证券,推荐,7,继续稳定增长 资产收购将提升投资价值,12363
08-19 17:44,600893,东兴证券,强烈推荐,2,维修业务提升毛利率水平,5998
08-19 15:18,600893,银河证券,推荐,4,维修业务增长 销售费用减少预计利润快速增长将持续,7826
08-19 10:08,600893,东莞证券,推荐,12,业绩表现优异，资产注入进行中,11675
04-22 15:40,600760,东兴证券股份有限公司,强烈推荐,18,事件点评：涡扇-19完成验证，助力歼-31上舰,26033
04-15 16:32,600760,东兴证券股份有限公司,强烈推荐,12,事件点评：海军节阅舰盛典在即，舰载战斗机成关注热点,20105
04-09 13:25,600760,东兴证券股份有限公司,强烈推荐,5,事件点评：一季报高增长可期，进入“补价 产能扩张”周期,19295
03-29 09:29,600760,申万宏源证券有限公司,买入,10,全年产品交付按期完成，看好公司19年投资机会,24295
03-18 19:12,600760,华泰证券,买入,12,军用战机龙头，主营稳步增长,26017
03-18 14:12,600760,天风证券股份有限公司,买入,2,采购\\\\存货上升预示放量，受益科创战略资产估值上修及MSCI,9775
03-18 10:05,600760,华创证券有限责任公司,强推,3,2018年年报点评：聚焦航空主业实现稳定增长，股权激励及定价机制改革有望释放公司发展潜力,16272
08-17 14:20,600893,中金公司,推荐,12,1H13业绩超预期，维持推荐,11087
08-16 15:44,600893,高华证券,买入,9,业绩符合预期：利润率扩张；具有战略支撑；买入,6927
08-16 14:21,600893,中信证券,增持,6,业绩超预期 看好长期发展,7935
08-16 14:08,600893,广发证券,买入,7,关注下半年军品结算和重组进度,7621
08-16 13:33,600893,申银万国证券,买入,10,毛利率提升，业绩超出预期，维持买入评级！,7514
07-16 11:06,600893,中金公司,推荐,16,资产注入增强成长动力,15758
06-21 08:57,600893,银河证券,推荐,17,收购大规模发动机资产 打造发动机整机唯一平台,15643
03-18 07:05,600760,国海证券股份有限公司,买入,2,事件点评：国防建设加速，业绩快速增长,18000
03-17 14:00,600760,兴业证券股份有限公司,审慎增持,1,盈利能力持续提升，资产减值及投资收益损失削弱业绩弹性,10981
03-17 13:10,600760,安信证券股份有限公司,增持,7,中航沈飞年报点评：沈飞公司归母净利增速14.90%，均衡生产有望继续提速,21799
03-15 18:14,600760,东兴证券股份有限公司,强烈推荐,8,年报点评：去年业绩平稳，今年将恢复快速增长,22105
03-15 14:50,600760,开源证券有限责任公司,买入( Buy),21,2018年报业绩点评：军队装备更新支撑发展 军工体制改革释放潜力,22970
03-15 00:00,600760,浙商证券股份有限公司,增持,1,中航沈飞2018年年报点评：全年稳定增长，未来两年业绩有望加速,6066
03-15 00:00,600760,东吴证券股份有限公司,买入,1,业绩稳定增长，储备存货导致现金流下滑,19265
06-18 19:42,600893,光大证券,买入,18,奔腾的中国心 航空发动机巨无霸浮出水面,19780
06-18 17:59,600893,高华证券,买入,13,资产注入方案公布，盈利有望提升；维持买入评级,17086
06-18 17:42,600893,申银万国证券,买入,8,航空发动机黄金年代的最大受益者，维持买入评级！,13628
06-18 16:48,600893,广发证券,买入,5,迈出航空发动机业务整合重要一步,9133
06-18 13:51,600893,中金公司,推荐,7,承前启后，蓄势待发,12924
04-28 10:42,600893,东兴证券,强烈推荐,0,航空发动机巨人即将崛起,3349
04-28 10:41,600893,华泰证券,增持,0,发动机业务基本稳定，重组是主要看点,4322
02-28 19:22,600760,东兴证券股份有限公司,强烈推荐,30,深度报告：洛马的今天 沈飞的明天,42070
02-28 16:16,600760,东兴证券,强烈推荐,21,深度报告：洛马的今天 沈飞的明天,21060
12-10 13:23,600760,华泰证券股份有限公司,买入,25,铁翼乘风起，云端响惊雷,25446
11-29 12:42,600760,东兴证券股份有限公司,强烈推荐,9,事件点评：歼-11D再试飞，守得云开见月明,21.6万
10-30 14:23,600760,东兴证券股份有限公司,强烈推荐,10,业绩保持快速增长，均衡生产效果明显,26087
10-24 16:21,600760,中国银河证券股份有限公司,推荐,4,三季报增长符合预期，全年业绩可期,24241
10-24 08:00,600760,浙商证券股份有限公司,增持,1,中航沈飞2018年三季报点评：均衡生产效果显著，全年业绩有望超预期,27388
04-28 10:39,600893,银河证券,推荐,0,2012年业绩稳定增长 资产重组提升投资价值,2526
04-28 10:39,600893,广发证券,买入,0,12年业绩符合预期，13年经营计划谨慎,3954
04-28 10:39,600893,招商证券,强烈推荐,0,出口与非航产品成亮点 主机业务静待整合,2444
04-28 10:34,600893,招商证券,强烈推荐,0,打造航空发动机旗舰企业,2515
04-28 10:31,600893,平安证券,推荐,0,业绩符合预期，QC280可期待,3125
04-28 10:28,600893,华泰证券,增持,0,费用控制见成效，资产注入预期犹在,2344
10-23 16:12,600760,申万宏源证券有限公司,买入,4,三季度均衡交付按期完成，全年业绩高增长确定,28467
10-23 14:55,600760,国泰君安证券股份有限公司,增持,2,中航沈飞2018三季报业绩点评：业绩符合预期，“成长&改革”有望助力高增长,17353
10-23 13:49,600760,安信证券股份有限公司,买入,2,中航沈飞：均衡生产持续推进，超额完成阶段性任务，全年业绩可期,24849
10-23 10:55,600760,天风证券股份有限公司,买入,2,归母净利润大幅翻红，高景气下毛利率与存货趋势延续！,22574
10-23 09:47,600760,招商证券股份有限公司,强烈推荐,4,均衡生产效果显著，看好全年业绩表现,12308
10-23 09:13,600760,东吴证券股份有限公司,买入,5,稳健推进均衡生产，经营性现金流显著改善,20805
10-23 08:52,600760,兴业证券股份有限公司,审慎增持,0,均衡生产持续推进，期间费用下降明显,4440
10-23 06:55,600760,国海证券股份有限公司,买入,3,事件点评：需求增加均衡生产，业绩增长资金改善,21246
09-14 11:28,600760,浙商证券股份有限公司,增持,13,中航沈飞深度报告：战斗机龙头上市，发展进入快车道,61280
09-03 13:18,600760,东北证券股份有限公司,买入,4,均衡生产效果明显，业绩同比大幅改善,33434
09-03 10:50,600760,国海证券股份有限公司,买入,0,事件点评：均衡交付提升效率，产品放量保障增长,10321
09-03 09:51,600760,国泰君安证券股份有限公司,增持,1,2018半年报点评：业绩符合预期，“成长&改革”助力中高速增长,15208
09-03 08:54,600760,申万宏源证券有限公司,买入,1,半年度均衡交付按期完成，坚定看好全年业绩增长,13653
09-03 08:35,600760,天风证券股份有限公司,买入,3,龙头持续兑现，净利扭亏存货大幅增长预示高景气,20540
09-03 08:24,600760,安信证券,买入,4,中航沈飞：均衡生产持续推进，营业收入及归母净利大幅增长,19378
09-01 14:23,600760,东吴证券股份有限公司,买入,4,推进均衡生产，业绩同比大幅提升,30916
08-31 18:53,600760,开源证券有限责任公司,买入( Buy),6,2018年半年报业绩点评：均衡交付提升业绩 军队换装需求推动发展,24952
08-31 15:29,600760,兴业证券股份有限公司,审慎增持,1,均衡生产效果显著，股权激励释放活力,7208
08-31 14:13,600760,招商证券股份有限公司,强烈推荐,5,均衡生产效果显着，战斗机王者乘风而上,19402
08-31 13:29,600760,光大证券股份有限公司,增持,8,2018年中报点评：均衡生产促中期业绩大增,15589
08-31 08:56,600760,方正证券股份有限公司,推荐,6,中报营收大幅提升，持续受益新型战机量产,24635
08-28 15:41,600760,安信证券股份有限公司,买入,10,中航沈飞：千磨万击还坚劲，任尔东西南北风,40684
08-03 10:45,600760,兴业证券股份有限公司,审慎增持,10,契合航空装备需求，战机龙头再迎春天,22605
07-31 08:08,600760,东兴证券股份有限公司,强烈推荐,6,事件点评：中航沈飞系列报告之八：从民机转包生产看沈飞,48176
07-30 20:33,600760,东兴证券股份有限公司,强烈推荐,17,事件点评：中航沈飞系列报告之九：军机增长迎高峰，民机成长入“风口”,57320
07-27 07:12,600760,国海证券股份有限公司,买入,13,深度报告：海空军需求共振，空中战斗力建设核心支撑,48438
07-23 12:25,600760,东兴证券股份有限公司,强烈推荐,19,事件点评：中航沈飞系列报告之七：从脉动装配线看沈飞,47531
07-09 09:11,600760,东北证券股份有限公司,买入,12,中国歼击机摇篮，业绩弹性较大,40551
07-06 19:49,600760,招商证券股份有限公司,强烈推荐,19,调研纪要,66533
07-04 13:22,600760,东兴证券股份有限公司,强烈推荐,15,事件点评：中航沈飞系列报告之六：从无人机发展看沈飞,45760
07-03 11:17,600760,东兴证券股份有限公司,强烈推荐,10,事件点评：中航沈飞系列报告之五：从歼-31看沈飞,56223
06-27 16:38,600760,安信证券股份有限公司,买入,22,千磨万击还坚劲，任尔东西南北风,44370
06-20 08:06,600760,东兴证券股份有限公司,强烈推荐,15,事件点评：中航沈飞系列报告之四：从F-35的产量与定价看沈飞,63807
06-14 13:21,600760,东兴证券股份有限公司,强烈推荐,25,事件点评：中航沈飞系列报告之三：从洛克希德•马丁的发展看沈飞,61350
06-11 19:05,600760,东兴证券股份有限公司,强烈推荐,13,事件点评：中航沈飞系列报告之二： 从成飞发展看沈飞,58006
06-11 14:44,600760,东兴证券股份有限公司,强烈推荐,7,事件点评：中航沈飞系列报告之一：中航沈飞曾经的两次业绩高峰,48705
06-11 09:55,600760,东兴证券股份有限公司,强烈推荐,8,飞机中的战斗机,44184
06-08 10:51,600760,长江证券股份有限公司,买入,27,深度报告：扶摇直上九万里，鹰击长空正有时,55198
05-23 14:47,600760,东兴证券股份有限公司,强烈推荐,11,事件点评：军工核心资产，未来有望量价齐升,71820
05-17 18:05,600760,方正证券股份有限公司,推荐,7,总装企业股权激励破局，持续看好公司受益战机高景气度,19.0万
05-17 17:06,600760,光大证券股份有限公司,增持,7,2018年股权激励草案点评：开总装股权激励先河，启未来盈利提升希望,23838
05-17 16:04,600760,安信证券股份有限公司,买入,6,中航沈飞：股权激励计划公布，助力经营效率提升,27282
05-17 14:03,600760,中国银河证券股份有限公司,推荐,7,公司业务迎发展，员工激励正当时,26654
05-17 09:29,600760,东兴证券股份有限公司,强烈推荐,6,股权激励计划推出，中长期发展信心足,31804
05-16 19:47,600760,申万宏源证券有限公司,买入,12,限制性股票激励计划发布，坚定看好公司未来股价表现,37963
05-16 17:08,600760,东吴证券股份有限公司,买入,12,发布股权激励计划，进入业绩释放和兑现期,32800
05-16 14:11,600760,国海证券股份有限公司,增持,7,事件点评：股权激励推出，发展再添动力,21656
05-16 14:00,600760,天风证券股份有限公司,买入,9,龙头启航，股权激励与行业趋势双重保证上行轨道,28303
05-16 13:31,600760,国泰君安证券股份有限公司,增持,6,军工总装首个股权激励，战斗机龙头再添动力,21.8万
05-16 13:03,600760,招商证券股份有限公司,强烈推荐,5,迎风而上，股权激励助推长期业绩,24079
05-09 11:03,600760,招商证券股份有限公司,强烈推荐,30,战斗机王牌整体上市，军工龙头顺利起飞！,73096
05-07 17:09,600760,安信证券股份有限公司,买入,17,持续推进均衡生产，一季度营收同比增长468.33%,41812
05-04 09:37,600760,天风证券股份有限公司,买入,15,一季度收入468%增长，引领航空高景气周期趋势,44926
05-03 19:20,600760,中信建投,买入,9,均衡生产致营收大幅上升，需求饱满助全年业绩稳增,27680
05-03 13:31,600760,国泰君安证券股份有限公司,增持,8,中航沈飞一季报点评：一季度业绩符合预期，全年有望高增长,32518